boroct,boro_name,boro,tract2010,puma,nta
2031000,Bronx,2,031000,3704,BX31
2031200,Bronx,2,031200,3704,BX31
2031400,Bronx,2,031400,3704,BX31
2031600,Bronx,2,031600,3704,BX31
2031800,Bronx,2,031800,3704,BX31
2032600,Bronx,2,032600,3704,BX31
2034200,Bronx,2,034200,3704,BX31
2034400,Bronx,2,034400,3704,BX31
2034800,Bronx,2,034800,3704,BX31
2035000,Bronx,2,035000,3704,BX31
2036000,Bronx,2,036000,3704,BX31
2023702,Bronx,2,023702,3706,BX05
2039901,Bronx,2,039901,3706,BX05
2039902,Bronx,2,039902,3706,BX05
2040100,Bronx,2,040100,3706,BX05
2040302,Bronx,2,040302,3706,BX05
2040501,Bronx,2,040501,3706,BX05
2040502,Bronx,2,040502,3706,BX05
2040702,Bronx,2,040702,3706,BX05
2041100,Bronx,2,041100,3706,BX05
2041300,Bronx,2,041300,3706,BX05
2041500,Bronx,2,041500,3706,BX05
2038700,Bronx,2,038700,3705,BX06
2038900,Bronx,2,038900,3705,BX06
2039100,Bronx,2,039100,3705,BX06
2039300,Bronx,2,039300,3705,BX06
2039700,Bronx,2,039700,3705,BX06
2032400,Bronx,2,032400,3704,BX07
2032800,Bronx,2,032800,3704,BX07
2033000,Bronx,2,033000,3704,BX07
2033201,Bronx,2,033201,3704,BX07
2033202,Bronx,2,033202,3704,BX07
2033600,Bronx,2,033600,3704,BX07
2033800,Bronx,2,033800,3704,BX07
2034000,Bronx,2,034000,3704,BX07
2014500,Bronx,2,014500,3705,BX01
2014701,Bronx,2,014701,3705,BX01
2014702,Bronx,2,014702,3705,BX01
2016500,Bronx,2,016500,3705,BX01
2016700,Bronx,2,016700,3705,BX01
2016900,Bronx,2,016900,3705,BX01
2038500,Bronx,2,038500,3705,BX01
2039500,Bronx,2,039500,3705,BX01
2030200,Bronx,2,030200,3703,BX13
2046201,Bronx,2,046201,3703,BX13
2046202,Bronx,2,046202,3703,BX13
2006000,Bronx,2,006000,3705,BX75
2012300,Bronx,2,012300,3705,BX75
2015300,Bronx,2,015300,3705,BX75
2015500,Bronx,2,015500,3705,BX75
2015700,Bronx,2,015700,3705,BX75
2016100,Bronx,2,016100,3705,BX75
2005902,Bronx,2,005902,3708,BX14
2006100,Bronx,2,006100,3708,BX14
2014300,Bronx,2,014300,3708,BX14
2017300,Bronx,2,017300,3708,BX14
2017500,Bronx,2,017500,3708,BX14
2017701,Bronx,2,017701,3708,BX14
2017702,Bronx,2,017702,3708,BX14
2017901,Bronx,2,017901,3708,BX14
2017902,Bronx,2,017902,3708,BX14
2018101,Bronx,2,018101,3708,BX14
2018102,Bronx,2,018102,3708,BX14
2018301,Bronx,2,018301,3708,BX14
2018302,Bronx,2,018302,3708,BX14
2022500,Bronx,2,022500,3708,BX14
2022000,Bronx,2,022000,3705,BX17
2035900,Bronx,2,035900,3705,BX17
2036100,Bronx,2,036100,3705,BX17
2036300,Bronx,2,036300,3705,BX17
2036501,Bronx,2,036501,3705,BX17
2036502,Bronx,2,036502,3705,BX17
2036700,Bronx,2,036700,3705,BX17
2036901,Bronx,2,036901,3705,BX17
2036902,Bronx,2,036902,3705,BX17
2037100,Bronx,2,037100,3705,BX17
2037300,Bronx,2,037300,3705,BX17
2037504,Bronx,2,037504,3705,BX17
2035600,Bronx,2,035600,3702,BX03
2035800,Bronx,2,035800,3702,BX03
2036400,Bronx,2,036400,3702,BX03
2038600,Bronx,2,038600,3702,BX03
2045600,Bronx,2,045600,3702,BX03
2045800,Bronx,2,045800,3702,BX03
2046000,Bronx,2,046000,3702,BX03
2048400,Bronx,2,048400,3702,BX03
2023703,Bronx,2,023703,3707,BX40
2023704,Bronx,2,023704,3707,BX40
2023900,Bronx,2,023900,3707,BX40
2038301,Bronx,2,038301,3707,BX40
2038302,Bronx,2,038302,3707,BX40
2018900,Bronx,2,018900,3708,BX26
2019300,Bronx,2,019300,3708,BX26
2019900,Bronx,2,019900,3708,BX26
2020100,Bronx,2,020100,3708,BX26
2021100,Bronx,2,021100,3708,BX26
2021302,Bronx,2,021302,3708,BX26
2021900,Bronx,2,021900,3708,BX26
2008900,Bronx,2,008900,3710,BX27
2009300,Bronx,2,009300,3710,BX27
2011502,Bronx,2,011502,3710,BX27
2011700,Bronx,2,011700,3710,BX27
2011900,Bronx,2,011900,3710,BX27
2012102,Bronx,2,012102,3710,BX27
2012701,Bronx,2,012701,3710,BX27
2015900,Bronx,2,015900,3710,BX27
2025300,Bronx,2,025300,3706,BX30
2025500,Bronx,2,025500,3706,BX30
2026100,Bronx,2,026100,3706,BX30
2026300,Bronx,2,026300,3706,BX30
2026500,Bronx,2,026500,3706,BX30
2026900,Bronx,2,026900,3706,BX30
2008300,Bronx,2,008300,3710,BX33
2008500,Bronx,2,008500,3710,BX33
2008700,Bronx,2,008700,3710,BX33
2012901,Bronx,2,012901,3710,BX33
2013100,Bronx,2,013100,3710,BX33
2006500,Bronx,2,006500,3710,BX34
2006700,Bronx,2,006700,3710,BX34
2006900,Bronx,2,006900,3710,BX34
2007100,Bronx,2,007100,3710,BX34
2007300,Bronx,2,007300,3710,BX34
2007500,Bronx,2,007500,3710,BX34
2007700,Bronx,2,007700,3710,BX34
2007900,Bronx,2,007900,3710,BX34
2012101,Bronx,2,012101,3705,BX35
2012500,Bronx,2,012500,3705,BX35
2013300,Bronx,2,013300,3705,BX35
2013500,Bronx,2,013500,3705,BX35
2014100,Bronx,2,014100,3705,BX35
2014900,Bronx,2,014900,3705,BX35
2015100,Bronx,2,015100,3705,BX35
2018500,Bronx,2,018500,3705,BX35
2001900,Bronx,2,001900,3710,BX39
2002300,Bronx,2,002300,3710,BX39
2002500,Bronx,2,002500,3710,BX39
2002701,Bronx,2,002701,3710,BX39
2002702,Bronx,2,002702,3710,BX39
2003100,Bronx,2,003100,3710,BX39
2003300,Bronx,2,003300,3710,BX39
2003500,Bronx,2,003500,3710,BX39
2003700,Bronx,2,003700,3710,BX39
2003900,Bronx,2,003900,3710,BX39
2004100,Bronx,2,004100,3710,BX39
2004300,Bronx,2,004300,3710,BX39
2005100,Bronx,2,005100,3710,BX39
2022701,Bronx,2,022701,3707,BX41
2022702,Bronx,2,022702,3707,BX41
2022703,Bronx,2,022703,3707,BX41
2022901,Bronx,2,022901,3707,BX41
2022902,Bronx,2,022902,3707,BX41
2023100,Bronx,2,023100,3707,BX41
2023301,Bronx,2,023301,3707,BX41
2023302,Bronx,2,023302,3707,BX41
2023501,Bronx,2,023501,3707,BX41
2023502,Bronx,2,023502,3707,BX41
2024100,Bronx,2,024100,3707,BX41
2037900,Bronx,2,037900,3707,BX41
2038100,Bronx,2,038100,3707,BX41
2030701,Bronx,2,030701,3701,BX22
2030900,Bronx,2,030900,3701,BX22
2031900,Bronx,2,031900,3701,BX22
2032300,Bronx,2,032300,3701,BX22
2033500,Bronx,2,033500,3701,BX22
2033700,Bronx,2,033700,3701,BX22
2034300,Bronx,2,034300,3701,BX22
2034500,Bronx,2,034500,3701,BX22
2035100,Bronx,2,035100,3701,BX22
2041900,Bronx,2,041900,3706,BX43
2042100,Bronx,2,042100,3706,BX43
2042300,Bronx,2,042300,3706,BX43
2042500,Bronx,2,042500,3706,BX43
2042901,Bronx,2,042901,3706,BX43
2042902,Bronx,2,042902,3706,BX43
2043100,Bronx,2,043100,3706,BX43
2002400,Bronx,2,002400,3709,BX99
2016300,Bronx,2,016300,3705,BX99
2017100,Bronx,2,017100,3708,BX99
2027600,Bronx,2,027600,3703,BX99
2033400,Bronx,2,033400,3705,BX99
2043500,Bronx,2,043500,3702,BX99
2050400,Bronx,2,050400,3703,BX99
2021001,Bronx,2,021001,3709,BX46
2021002,Bronx,2,021002,3709,BX46
2021200,Bronx,2,021200,3709,BX46
2021602,Bronx,2,021602,3709,BX46
2022200,Bronx,2,022200,3709,BX46
2026601,Bronx,2,026601,3703,BX10
2026602,Bronx,2,026602,3703,BX10
2027401,Bronx,2,027401,3703,BX10
2027402,Bronx,2,027402,3703,BX10
2030000,Bronx,2,030000,3703,BX10
2051600,Bronx,2,051600,3703,BX10
2022401,Bronx,2,022401,3704,BX49
2022403,Bronx,2,022403,3704,BX49
2022404,Bronx,2,022404,3704,BX49
2022800,Bronx,2,022800,3704,BX49
2024600,Bronx,2,024600,3704,BX49
2024800,Bronx,2,024800,3704,BX49
2025000,Bronx,2,025000,3704,BX49
2028800,Bronx,2,028800,3704,BX49
2029600,Bronx,2,029600,3704,BX49
2000100,Bronx,2,000100,3710,BX98
2011000,Bronx,2,011000,3703,BX52
2011800,Bronx,2,011800,3703,BX52
2013000,Bronx,2,013000,3703,BX52
2013200,Bronx,2,013200,3703,BX52
2013800,Bronx,2,013800,3703,BX52
2014400,Bronx,2,014400,3703,BX52
2015200,Bronx,2,015200,3703,BX52
2015800,Bronx,2,015800,3703,BX52
2016000,Bronx,2,016000,3703,BX52
2016200,Bronx,2,016200,3703,BX52
2016400,Bronx,2,016400,3703,BX52
2016600,Bronx,2,016600,3703,BX52
2018400,Bronx,2,018400,3703,BX52
2019400,Bronx,2,019400,3703,BX52
2026400,Bronx,2,026400,3703,BX52
2004001,Bronx,2,004001,3709,BX55
2004400,Bronx,2,004400,3709,BX55
2004800,Bronx,2,004800,3709,BX55
2005001,Bronx,2,005001,3709,BX55
2005002,Bronx,2,005002,3709,BX55
2005200,Bronx,2,005200,3709,BX55
2006800,Bronx,2,006800,3709,BX55
2007000,Bronx,2,007000,3709,BX55
2007200,Bronx,2,007200,3709,BX55
2000200,Bronx,2,000200,3709,BX09
2000400,Bronx,2,000400,3709,BX09
2001600,Bronx,2,001600,3709,BX09
2002000,Bronx,2,002000,3709,BX09
2002800,Bronx,2,002800,3709,BX09
2003800,Bronx,2,003800,3709,BX09
2004200,Bronx,2,004200,3709,BX09
2004600,Bronx,2,004600,3709,BX09
2007400,Bronx,2,007400,3709,BX09
2008400,Bronx,2,008400,3709,BX09
2008600,Bronx,2,008600,3709,BX09
2009000,Bronx,2,009000,3709,BX09
2028300,Bronx,2,028300,3701,BX29
2028500,Bronx,2,028500,3701,BX29
2028700,Bronx,2,028700,3701,BX29
2028900,Bronx,2,028900,3701,BX29
2029301,Bronx,2,029301,3701,BX29
2029302,Bronx,2,029302,3701,BX29
2029500,Bronx,2,029500,3701,BX29
2029700,Bronx,2,029700,3701,BX29
2030100,Bronx,2,030100,3701,BX29
2005300,Bronx,2,005300,3707,BX36
2020501,Bronx,2,020501,3707,BX36
2020502,Bronx,2,020502,3707,BX36
2021301,Bronx,2,021301,3707,BX36
2021501,Bronx,2,021501,3707,BX36
2021502,Bronx,2,021502,3707,BX36
2021700,Bronx,2,021700,3707,BX36
2024300,Bronx,2,024300,3707,BX36
2024501,Bronx,2,024501,3707,BX36
2024502,Bronx,2,024502,3707,BX36
2024700,Bronx,2,024700,3707,BX36
2024900,Bronx,2,024900,3707,BX36
2025100,Bronx,2,025100,3707,BX36
2025700,Bronx,2,025700,3707,BX36
2026701,Bronx,2,026701,3701,BX28
2026702,Bronx,2,026702,3701,BX28
2027300,Bronx,2,027300,3701,BX28
2027700,Bronx,2,027700,3701,BX28
2027900,Bronx,2,027900,3701,BX28
2028100,Bronx,2,028100,3701,BX28
2040303,Bronx,2,040303,3701,BX28
2040304,Bronx,2,040304,3701,BX28
2040701,Bronx,2,040701,3701,BX28
2040900,Bronx,2,040900,3701,BX28
2020000,Bronx,2,020000,3704,BX37
2023000,Bronx,2,023000,3704,BX37
2023200,Bronx,2,023200,3704,BX37
2023600,Bronx,2,023600,3704,BX37
2023800,Bronx,2,023800,3704,BX37
2024000,Bronx,2,024000,3704,BX37
2024400,Bronx,2,024400,3704,BX37
2025200,Bronx,2,025200,3704,BX37
2025400,Bronx,2,025400,3704,BX37
2025600,Bronx,2,025600,3704,BX37
2028400,Bronx,2,028400,3704,BX37
2028600,Bronx,2,028600,3704,BX37
2006300,Bronx,2,006300,3708,BX63
2019500,Bronx,2,019500,3708,BX63
2019700,Bronx,2,019700,3708,BX63
2020900,Bronx,2,020900,3708,BX63
2022101,Bronx,2,022101,3708,BX63
2022102,Bronx,2,022102,3708,BX63
2022300,Bronx,2,022300,3708,BX63
2005400,Bronx,2,005400,3709,BX08
2005600,Bronx,2,005600,3709,BX08
2006200,Bronx,2,006200,3709,BX08
2006400,Bronx,2,006400,3709,BX08
2007600,Bronx,2,007600,3709,BX08
2021601,Bronx,2,021601,3709,BX08
2021800,Bronx,2,021800,3709,BX08
2007800,Bronx,2,007800,3709,BX59
2009200,Bronx,2,009200,3709,BX59
2009600,Bronx,2,009600,3709,BX59
2009800,Bronx,2,009800,3709,BX59
2020200,Bronx,2,020200,3709,BX59
2020400,Bronx,2,020400,3709,BX59
2020601,Bronx,2,020601,3709,BX59
2036800,Bronx,2,036800,3702,BX44
2037000,Bronx,2,037000,3702,BX44
2037200,Bronx,2,037200,3702,BX44
2037400,Bronx,2,037400,3702,BX44
2037600,Bronx,2,037600,3702,BX44
2037800,Bronx,2,037800,3702,BX44
2038000,Bronx,2,038000,3702,BX44
2038200,Bronx,2,038200,3702,BX44
2038800,Bronx,2,038800,3702,BX44
2039000,Bronx,2,039000,3702,BX44
2039200,Bronx,2,039200,3702,BX44
2039400,Bronx,2,039400,3702,BX44
2039600,Bronx,2,039600,3702,BX44
2039800,Bronx,2,039800,3702,BX44
2040400,Bronx,2,040400,3702,BX44
2040600,Bronx,2,040600,3702,BX44
2040800,Bronx,2,040800,3702,BX44
2042000,Bronx,2,042000,3702,BX44
2042200,Bronx,2,042200,3702,BX44
2042400,Bronx,2,042400,3702,BX44
2041400,Bronx,2,041400,3702,BX62
2041800,Bronx,2,041800,3702,BX62
2042600,Bronx,2,042600,3702,BX62
2042800,Bronx,2,042800,3702,BX62
2043000,Bronx,2,043000,3702,BX62
2043400,Bronx,2,043400,3702,BX62
2043600,Bronx,2,043600,3702,BX62
2044200,Bronx,2,044200,3702,BX62
2044400,Bronx,2,044400,3702,BX62
2044800,Bronx,2,044800,3702,BX62
2044901,Bronx,2,044901,3702,BX62
2044902,Bronx,2,044902,3702,BX62
2045101,Bronx,2,045101,3702,BX62
2045102,Bronx,2,045102,3702,BX62
3016800,Brooklyn,3,016800,4017,BK27
3017000,Brooklyn,3,017000,4017,BK27
3017200,Brooklyn,3,017200,4017,BK27
3017400,Brooklyn,3,017400,4017,BK27
3017600,Brooklyn,3,017600,4017,BK27
3017800,Brooklyn,3,017800,4017,BK27
3018000,Brooklyn,3,018000,4017,BK27
3028000,Brooklyn,3,028000,4017,BK27
3028200,Brooklyn,3,028200,4017,BK27
3028600,Brooklyn,3,028600,4017,BK27
3029200,Brooklyn,3,029200,4017,BK27
3003000,Brooklyn,3,003000,4013,BK31
3003400,Brooklyn,3,003400,4013,BK31
3003600,Brooklyn,3,003600,4013,BK31
3003800,Brooklyn,3,003800,4013,BK31
3004400,Brooklyn,3,004400,4013,BK31
3004600,Brooklyn,3,004600,4013,BK31
3005000,Brooklyn,3,005000,4013,BK31
3005201,Brooklyn,3,005201,4013,BK31
3005202,Brooklyn,3,005202,4013,BK31
3005400,Brooklyn,3,005400,4013,BK31
3005601,Brooklyn,3,005601,4013,BK31
3005602,Brooklyn,3,005602,4013,BK31
3005800,Brooklyn,3,005800,4013,BK31
3006000,Brooklyn,3,006000,4013,BK31
3006200,Brooklyn,3,006200,4013,BK31
3006400,Brooklyn,3,006400,4013,BK31
3006600,Brooklyn,3,006600,4013,BK31
3006800,Brooklyn,3,006800,4013,BK31
3007000,Brooklyn,3,007000,4013,BK31
3012600,Brooklyn,3,012600,4013,BK31
3013000,Brooklyn,3,013000,4013,BK31
3013400,Brooklyn,3,013400,4013,BK31
3013600,Brooklyn,3,013600,4013,BK31
3013800,Brooklyn,3,013800,4013,BK31
3014200,Brooklyn,3,014200,4013,BK31
3016000,Brooklyn,3,016000,4013,BK31
3016200,Brooklyn,3,016200,4013,BK31
3016400,Brooklyn,3,016400,4013,BK31
3023300,Brooklyn,3,023300,4003,BK75
3024100,Brooklyn,3,024100,4003,BK75
3024300,Brooklyn,3,024300,4003,BK75
3024500,Brooklyn,3,024500,4003,BK75
3024900,Brooklyn,3,024900,4003,BK75
3025100,Brooklyn,3,025100,4003,BK75
3025300,Brooklyn,3,025300,4003,BK75
3025500,Brooklyn,3,025500,4003,BK75
3025700,Brooklyn,3,025700,4003,BK75
3025901,Brooklyn,3,025901,4003,BK75
3025902,Brooklyn,3,025902,4003,BK75
3026100,Brooklyn,3,026100,4003,BK75
3026300,Brooklyn,3,026300,4003,BK75
3026500,Brooklyn,3,026500,4003,BK75
3026700,Brooklyn,3,026700,4003,BK75
3026900,Brooklyn,3,026900,4003,BK75
3050700,Brooklyn,3,050700,4003,BK75
3053100,Brooklyn,3,053100,4003,BK75
3123700,Brooklyn,3,123700,4003,BK75
3029800,Brooklyn,3,029800,4017,BK29
3030000,Brooklyn,3,030000,4017,BK29
3030200,Brooklyn,3,030200,4017,BK29
3030400,Brooklyn,3,030400,4017,BK29
3040000,Brooklyn,3,040000,4017,BK29
3040200,Brooklyn,3,040200,4017,BK29
3040400,Brooklyn,3,040400,4017,BK29
3040600,Brooklyn,3,040600,4017,BK29
3040800,Brooklyn,3,040800,4017,BK29
3041000,Brooklyn,3,041000,4017,BK29
3041200,Brooklyn,3,041200,4017,BK29
3042400,Brooklyn,3,042400,4017,BK29
3042600,Brooklyn,3,042600,4017,BK29
3042800,Brooklyn,3,042800,4017,BK29
3043000,Brooklyn,3,043000,4017,BK29
3043200,Brooklyn,3,043200,4017,BK29
3043400,Brooklyn,3,043400,4017,BK29
3043600,Brooklyn,3,043600,4017,BK29
3018200,Brooklyn,3,018200,4017,BK28
3018400,Brooklyn,3,018400,4017,BK28
3018600,Brooklyn,3,018600,4017,BK28
3018800,Brooklyn,3,018800,4017,BK28
3019000,Brooklyn,3,019000,4017,BK28
3024800,Brooklyn,3,024800,4017,BK28
3025000,Brooklyn,3,025000,4017,BK28
3025200,Brooklyn,3,025200,4017,BK28
3025400,Brooklyn,3,025400,4017,BK28
3025600,Brooklyn,3,025600,4017,BK28
3025800,Brooklyn,3,025800,4017,BK28
3026000,Brooklyn,3,026000,4017,BK28
3026200,Brooklyn,3,026200,4017,BK28
3026400,Brooklyn,3,026400,4017,BK28
3026600,Brooklyn,3,026600,4017,BK28
3026800,Brooklyn,3,026800,4017,BK28
3027000,Brooklyn,3,027000,4017,BK28
3027200,Brooklyn,3,027200,4017,BK28
3027400,Brooklyn,3,027400,4017,BK28
3027600,Brooklyn,3,027600,4017,BK28
3027800,Brooklyn,3,027800,4017,BK28
3028400,Brooklyn,3,028400,4017,BK28
3028800,Brooklyn,3,028800,4017,BK28
3029000,Brooklyn,3,029000,4017,BK28
3029400,Brooklyn,3,029400,4017,BK28
3029600,Brooklyn,3,029600,4017,BK28
3011400,Brooklyn,3,011400,4014,BK88
3011600,Brooklyn,3,011600,4014,BK88
3019200,Brooklyn,3,019200,4014,BK88
3021400,Brooklyn,3,021400,4014,BK88
3021600,Brooklyn,3,021600,4014,BK88
3021800,Brooklyn,3,021800,4014,BK88
3022000,Brooklyn,3,022000,4014,BK88
3022200,Brooklyn,3,022200,4014,BK88
3022400,Brooklyn,3,022400,4014,BK88
3022600,Brooklyn,3,022600,4014,BK88
3022800,Brooklyn,3,022800,4014,BK88
3023000,Brooklyn,3,023000,4014,BK88
3023200,Brooklyn,3,023200,4014,BK88
3023400,Brooklyn,3,023400,4014,BK88
3023600,Brooklyn,3,023600,4014,BK88
3023800,Brooklyn,3,023800,4014,BK88
3024000,Brooklyn,3,024000,4014,BK88
3024200,Brooklyn,3,024200,4014,BK88
3024400,Brooklyn,3,024400,4014,BK88
3024600,Brooklyn,3,024600,4014,BK88
3044600,Brooklyn,3,044600,4014,BK88
3046400,Brooklyn,3,046400,4014,BK88
3046800,Brooklyn,3,046800,4014,BK88
3047000,Brooklyn,3,047000,4014,BK88
3047200,Brooklyn,3,047200,4014,BK88
3047400,Brooklyn,3,047400,4014,BK88
3047600,Brooklyn,3,047600,4014,BK88
3047800,Brooklyn,3,047800,4014,BK88
3036001,Brooklyn,3,036001,4018,BK19
3036002,Brooklyn,3,036002,4018,BK19
3036200,Brooklyn,3,036200,4018,BK19
3036400,Brooklyn,3,036400,4018,BK19
3036600,Brooklyn,3,036600,4018,BK19
3037000,Brooklyn,3,037000,4018,BK19
3061002,Brooklyn,3,061002,4018,BK19
3061003,Brooklyn,3,061003,4018,BK19
3061004,Brooklyn,3,061004,4018,BK19
3000100,Brooklyn,3,000100,4004,BK09
3000301,Brooklyn,3,000301,4004,BK09
3000501,Brooklyn,3,000501,4004,BK09
3000502,Brooklyn,3,000502,4004,BK09
3000700,Brooklyn,3,000700,4004,BK09
3000900,Brooklyn,3,000900,4004,BK09
3089200,Brooklyn,3,089200,4007,BK81
3089400,Brooklyn,3,089400,4007,BK81
3089600,Brooklyn,3,089600,4007,BK81
3089800,Brooklyn,3,089800,4007,BK81
3090000,Brooklyn,3,090000,4007,BK81
3090200,Brooklyn,3,090200,4007,BK81
3090600,Brooklyn,3,090600,4007,BK81
3090800,Brooklyn,3,090800,4007,BK81
3091000,Brooklyn,3,091000,4007,BK81
3091200,Brooklyn,3,091200,4007,BK81
3091600,Brooklyn,3,091600,4007,BK81
3091800,Brooklyn,3,091800,4007,BK81
3092000,Brooklyn,3,092000,4007,BK81
3092200,Brooklyn,3,092200,4007,BK81
3092400,Brooklyn,3,092400,4007,BK81
3040900,Brooklyn,3,040900,4002,BK77
3042700,Brooklyn,3,042700,4002,BK77
3042900,Brooklyn,3,042900,4002,BK77
3043100,Brooklyn,3,043100,4002,BK77
3043300,Brooklyn,3,043300,4002,BK77
3043500,Brooklyn,3,043500,4002,BK77
3043700,Brooklyn,3,043700,4002,BK77
3043900,Brooklyn,3,043900,4002,BK77
3044100,Brooklyn,3,044100,4002,BK77
3044300,Brooklyn,3,044300,4002,BK77
3044500,Brooklyn,3,044500,4002,BK77
3044700,Brooklyn,3,044700,4002,BK77
3045300,Brooklyn,3,045300,4002,BK77
3028501,Brooklyn,3,028501,4002,BK78
3038900,Brooklyn,3,038900,4002,BK78
3039100,Brooklyn,3,039100,4002,BK78
3039300,Brooklyn,3,039300,4002,BK78
3039500,Brooklyn,3,039500,4002,BK78
3039700,Brooklyn,3,039700,4002,BK78
3039900,Brooklyn,3,039900,4002,BK78
3040100,Brooklyn,3,040100,4002,BK78
3040300,Brooklyn,3,040300,4002,BK78
3040500,Brooklyn,3,040500,4002,BK78
3041100,Brooklyn,3,041100,4002,BK78
3041300,Brooklyn,3,041300,4002,BK78
3041500,Brooklyn,3,041500,4002,BK78
3041700,Brooklyn,3,041700,4002,BK78
3041900,Brooklyn,3,041900,4002,BK78
3042100,Brooklyn,3,042100,4002,BK78
3042300,Brooklyn,3,042300,4002,BK78
3042500,Brooklyn,3,042500,4002,BK78
3048500,Brooklyn,3,048500,4002,BK78
3048900,Brooklyn,3,048900,4002,BK78
3049300,Brooklyn,3,049300,4002,BK78
3095000,Brooklyn,3,095000,4009,BK50
3095400,Brooklyn,3,095400,4009,BK50
3095600,Brooklyn,3,095600,4009,BK50
3095800,Brooklyn,3,095800,4009,BK50
3096000,Brooklyn,3,096000,4009,BK50
3096200,Brooklyn,3,096200,4009,BK50
3096400,Brooklyn,3,096400,4009,BK50
3096600,Brooklyn,3,096600,4009,BK50
3096800,Brooklyn,3,096800,4009,BK50
3097000,Brooklyn,3,097000,4009,BK50
3097400,Brooklyn,3,097400,4009,BK50
3098200,Brooklyn,3,098200,4009,BK50
3098400,Brooklyn,3,098400,4009,BK50
3098600,Brooklyn,3,098600,4009,BK50
3098800,Brooklyn,3,098800,4009,BK50
3099000,Brooklyn,3,099000,4009,BK50
3099200,Brooklyn,3,099200,4009,BK50
3099400,Brooklyn,3,099400,4009,BK50
3099600,Brooklyn,3,099600,4009,BK50
3099800,Brooklyn,3,099800,4009,BK50
3100400,Brooklyn,3,100400,4009,BK50
3100600,Brooklyn,3,100600,4009,BK50
3100800,Brooklyn,3,100800,4009,BK50
3101000,Brooklyn,3,101000,4009,BK50
3101200,Brooklyn,3,101200,4009,BK50
3101400,Brooklyn,3,101400,4009,BK50
3101600,Brooklyn,3,101600,4009,BK50
3101800,Brooklyn,3,101800,4009,BK50
3102000,Brooklyn,3,102000,4009,BK50
3102200,Brooklyn,3,102200,4009,BK50
3102400,Brooklyn,3,102400,4009,BK50
3102600,Brooklyn,3,102600,4009,BK50
3102800,Brooklyn,3,102800,4009,BK50
3103400,Brooklyn,3,103400,4009,BK50
3004500,Brooklyn,3,004500,4005,BK33
3004700,Brooklyn,3,004700,4005,BK33
3004900,Brooklyn,3,004900,4005,BK33
3005100,Brooklyn,3,005100,4005,BK33
3005300,Brooklyn,3,005300,4005,BK33
3005900,Brooklyn,3,005900,4005,BK33
3006300,Brooklyn,3,006300,4005,BK33
3006500,Brooklyn,3,006500,4005,BK33
3006700,Brooklyn,3,006700,4005,BK33
3007500,Brooklyn,3,007500,4005,BK33
3007700,Brooklyn,3,007700,4005,BK33
3008500,Brooklyn,3,008500,4005,BK33
3019100,Brooklyn,3,019100,4004,BK69
3019300,Brooklyn,3,019300,4004,BK69
3019500,Brooklyn,3,019500,4004,BK69
3019700,Brooklyn,3,019700,4004,BK69
3019900,Brooklyn,3,019900,4004,BK69
3020100,Brooklyn,3,020100,4004,BK69
3022700,Brooklyn,3,022700,4004,BK69
3022900,Brooklyn,3,022900,4004,BK69
3023100,Brooklyn,3,023100,4004,BK69
3023500,Brooklyn,3,023500,4004,BK69
3021700,Brooklyn,3,021700,4006,BK61
3021900,Brooklyn,3,021900,4006,BK61
3022100,Brooklyn,3,022100,4006,BK61
3024700,Brooklyn,3,024700,4006,BK61
3027100,Brooklyn,3,027100,4006,BK61
3029700,Brooklyn,3,029700,4006,BK61
3029900,Brooklyn,3,029900,4006,BK61
3030500,Brooklyn,3,030500,4006,BK61
3030700,Brooklyn,3,030700,4006,BK61
3030900,Brooklyn,3,030900,4006,BK61
3031100,Brooklyn,3,031100,4006,BK61
3031300,Brooklyn,3,031300,4006,BK61
3031500,Brooklyn,3,031500,4006,BK61
3031701,Brooklyn,3,031701,4006,BK61
3031702,Brooklyn,3,031702,4006,BK61
3033700,Brooklyn,3,033700,4006,BK61
3033900,Brooklyn,3,033900,4006,BK61
3034100,Brooklyn,3,034100,4006,BK61
3034300,Brooklyn,3,034300,4006,BK61
3034500,Brooklyn,3,034500,4006,BK61
3034700,Brooklyn,3,034700,4006,BK61
3034900,Brooklyn,3,034900,4006,BK61
3035100,Brooklyn,3,035100,4006,BK61
3035300,Brooklyn,3,035300,4006,BK61
3035700,Brooklyn,3,035700,4006,BK61
3035900,Brooklyn,3,035900,4006,BK61
3038100,Brooklyn,3,038100,4006,BK61
3021300,Brooklyn,3,021300,4011,BK63
3031900,Brooklyn,3,031900,4011,BK63
3032100,Brooklyn,3,032100,4011,BK63
3032300,Brooklyn,3,032300,4011,BK63
3032500,Brooklyn,3,032500,4011,BK63
3033100,Brooklyn,3,033100,4011,BK63
3033300,Brooklyn,3,033300,4011,BK63
3033500,Brooklyn,3,033500,4011,BK63
3035500,Brooklyn,3,035500,4011,BK63
3114201,Brooklyn,3,114201,4008,BK83
3114202,Brooklyn,3,114202,4008,BK83
3114600,Brooklyn,3,114600,4008,BK83
3117201,Brooklyn,3,117201,4008,BK83
3117202,Brooklyn,3,117202,4008,BK83
3117400,Brooklyn,3,117400,4008,BK83
3117601,Brooklyn,3,117601,4008,BK83
3117602,Brooklyn,3,117602,4008,BK83
3117800,Brooklyn,3,117800,4008,BK83
3118201,Brooklyn,3,118201,4008,BK83
3118202,Brooklyn,3,118202,4008,BK83
3118400,Brooklyn,3,118400,4008,BK83
3118600,Brooklyn,3,118600,4008,BK83
3118800,Brooklyn,3,118800,4008,BK83
3119000,Brooklyn,3,119000,4008,BK83
3120200,Brooklyn,3,120200,4008,BK83
3001100,Brooklyn,3,001100,4004,BK38
3001300,Brooklyn,3,001300,4004,BK38
3001500,Brooklyn,3,001500,4004,BK38
3002100,Brooklyn,3,002100,4004,BK38
3002300,Brooklyn,3,002300,4004,BK38
3003700,Brooklyn,3,003700,4004,BK38
3003900,Brooklyn,3,003900,4004,BK38
3004100,Brooklyn,3,004100,4004,BK38
3004300,Brooklyn,3,004300,4004,BK38
3006900,Brooklyn,3,006900,4004,BK38
3007100,Brooklyn,3,007100,4004,BK38
3012700,Brooklyn,3,012700,4004,BK38
3012801,Brooklyn,3,012801,4013,BK30
3013200,Brooklyn,3,013200,4013,BK30
3014000,Brooklyn,3,014000,4013,BK30
3014800,Brooklyn,3,014800,4013,BK30
3015000,Brooklyn,3,015000,4013,BK30
3015200,Brooklyn,3,015200,4013,BK30
3016600,Brooklyn,3,016600,4013,BK30
3019400,Brooklyn,3,019400,4013,BK30
3019600,Brooklyn,3,019600,4013,BK30
3019800,Brooklyn,3,019800,4013,BK30
3020000,Brooklyn,3,020000,4013,BK30
3020200,Brooklyn,3,020200,4013,BK30
3020400,Brooklyn,3,020400,4013,BK30
3020600,Brooklyn,3,020600,4013,BK30
3020800,Brooklyn,3,020800,4013,BK30
3021000,Brooklyn,3,021000,4013,BK30
3021200,Brooklyn,3,021200,4013,BK30
3078000,Brooklyn,3,078000,4010,BK91
3078200,Brooklyn,3,078200,4010,BK91
3078400,Brooklyn,3,078400,4010,BK91
3081400,Brooklyn,3,081400,4010,BK91
3081600,Brooklyn,3,081600,4010,BK91
3083000,Brooklyn,3,083000,4010,BK91
3083200,Brooklyn,3,083200,4010,BK91
3083400,Brooklyn,3,083400,4010,BK91
3083600,Brooklyn,3,083600,4010,BK91
3083800,Brooklyn,3,083800,4010,BK91
3084000,Brooklyn,3,084000,4010,BK91
3085000,Brooklyn,3,085000,4010,BK91
3085400,Brooklyn,3,085400,4010,BK91
3085600,Brooklyn,3,085600,4010,BK91
3085800,Brooklyn,3,085800,4010,BK91
3086000,Brooklyn,3,086000,4010,BK91
3087000,Brooklyn,3,087000,4010,BK91
3087200,Brooklyn,3,087200,4010,BK91
3093200,Brooklyn,3,093200,4010,BK91
3107000,Brooklyn,3,107000,4008,BK82
3107800,Brooklyn,3,107800,4008,BK82
3109800,Brooklyn,3,109800,4008,BK82
3110400,Brooklyn,3,110400,4008,BK82
3110600,Brooklyn,3,110600,4008,BK82
3111000,Brooklyn,3,111000,4008,BK82
3111600,Brooklyn,3,111600,4008,BK82
3111800,Brooklyn,3,111800,4008,BK82
3112000,Brooklyn,3,112000,4008,BK82
3112400,Brooklyn,3,112400,4008,BK82
3115000,Brooklyn,3,115000,4008,BK82
3115200,Brooklyn,3,115200,4008,BK82
3116000,Brooklyn,3,116000,4008,BK82
3116200,Brooklyn,3,116200,4008,BK82
3116400,Brooklyn,3,116400,4008,BK82
3116600,Brooklyn,3,116600,4008,BK82
3116800,Brooklyn,3,116800,4008,BK82
3117000,Brooklyn,3,117000,4008,BK82
3119200,Brooklyn,3,119200,4008,BK82
3119400,Brooklyn,3,119400,4008,BK82
3119600,Brooklyn,3,119600,4008,BK82
3119800,Brooklyn,3,119800,4008,BK82
3120000,Brooklyn,3,120000,4008,BK82
3120800,Brooklyn,3,120800,4008,BK82
3121000,Brooklyn,3,121000,4008,BK82
3121400,Brooklyn,3,121400,4008,BK82
3122000,Brooklyn,3,122000,4008,BK82
3112200,Brooklyn,3,112200,4007,BK85
3112600,Brooklyn,3,112600,4007,BK85
3112800,Brooklyn,3,112800,4007,BK85
3113000,Brooklyn,3,113000,4007,BK85
3113200,Brooklyn,3,113200,4007,BK85
3113400,Brooklyn,3,113400,4007,BK85
3114400,Brooklyn,3,114400,4007,BK85
3115600,Brooklyn,3,115600,4007,BK85
3115800,Brooklyn,3,115800,4007,BK85
3044900,Brooklyn,3,044900,4001,BK90
3047700,Brooklyn,3,047700,4001,BK90
3048100,Brooklyn,3,048100,4001,BK90
3049100,Brooklyn,3,049100,4001,BK90
3049500,Brooklyn,3,049500,4001,BK90
3049700,Brooklyn,3,049700,4001,BK90
3050100,Brooklyn,3,050100,4001,BK90
3050300,Brooklyn,3,050300,4001,BK90
3050500,Brooklyn,3,050500,4001,BK90
3051100,Brooklyn,3,051100,4001,BK90
3079000,Brooklyn,3,079000,4010,BK95
3079200,Brooklyn,3,079200,4010,BK95
3079400,Brooklyn,3,079400,4010,BK95
3081800,Brooklyn,3,081800,4010,BK95
3082400,Brooklyn,3,082400,4010,BK95
3082600,Brooklyn,3,082600,4010,BK95
3082800,Brooklyn,3,082800,4010,BK95
3046000,Brooklyn,3,046000,4015,BK42
3046201,Brooklyn,3,046201,4015,BK42
3048000,Brooklyn,3,048000,4015,BK42
3048200,Brooklyn,3,048200,4015,BK42
3050600,Brooklyn,3,050600,4015,BK42
3050801,Brooklyn,3,050801,4015,BK42
3050803,Brooklyn,3,050803,4015,BK42
3050804,Brooklyn,3,050804,4015,BK42
3051001,Brooklyn,3,051001,4015,BK42
3051002,Brooklyn,3,051002,4015,BK42
3051200,Brooklyn,3,051200,4015,BK42
3051400,Brooklyn,3,051400,4015,BK42
3051601,Brooklyn,3,051601,4015,BK42
3051602,Brooklyn,3,051602,4015,BK42
3051800,Brooklyn,3,051800,4015,BK42
3052000,Brooklyn,3,052000,4015,BK42
3052600,Brooklyn,3,052600,4015,BK42
3052800,Brooklyn,3,052800,4015,BK42
3076400,Brooklyn,3,076400,4015,BK42
3076600,Brooklyn,3,076600,4015,BK42
3077000,Brooklyn,3,077000,4015,BK42
3077200,Brooklyn,3,077200,4015,BK42
3077400,Brooklyn,3,077400,4015,BK42
3078600,Brooklyn,3,078600,4015,BK42
3078800,Brooklyn,3,078800,4015,BK42
3152200,Brooklyn,3,152200,4015,BK42
3065000,Brooklyn,3,065000,4009,BK58
3067200,Brooklyn,3,067200,4009,BK58
3067400,Brooklyn,3,067400,4009,BK58
3067600,Brooklyn,3,067600,4009,BK58
3067800,Brooklyn,3,067800,4009,BK58
3068000,Brooklyn,3,068000,4009,BK58
3068200,Brooklyn,3,068200,4009,BK58
3068800,Brooklyn,3,068800,4009,BK58
3069000,Brooklyn,3,069000,4009,BK58
3069200,Brooklyn,3,069200,4009,BK58
3072000,Brooklyn,3,072000,4009,BK58
3072200,Brooklyn,3,072200,4009,BK58
3072400,Brooklyn,3,072400,4009,BK58
3072600,Brooklyn,3,072600,4009,BK58
3072800,Brooklyn,3,072800,4009,BK58
3073000,Brooklyn,3,073000,4009,BK58
3073200,Brooklyn,3,073200,4009,BK58
3073400,Brooklyn,3,073400,4009,BK58
3073600,Brooklyn,3,073600,4009,BK58
3073800,Brooklyn,3,073800,4009,BK58
3074000,Brooklyn,3,074000,4009,BK58
3074200,Brooklyn,3,074200,4009,BK58
3074400,Brooklyn,3,074400,4009,BK58
3074600,Brooklyn,3,074600,4009,BK58
3077600,Brooklyn,3,077600,4009,BK58
3094401,Brooklyn,3,094401,4009,BK58
3094402,Brooklyn,3,094402,4009,BK58
3002901,Brooklyn,3,002901,4004,BK68
3003100,Brooklyn,3,003100,4004,BK68
3003300,Brooklyn,3,003300,4004,BK68
3003500,Brooklyn,3,003500,4004,BK68
3017900,Brooklyn,3,017900,4004,BK68
3018100,Brooklyn,3,018100,4004,BK68
3018300,Brooklyn,3,018300,4004,BK68
3018501,Brooklyn,3,018501,4004,BK68
3018700,Brooklyn,3,018700,4004,BK68
3021100,Brooklyn,3,021100,4004,BK68
3063600,Brooklyn,3,063600,4009,BK45
3064000,Brooklyn,3,064000,4009,BK45
3064400,Brooklyn,3,064400,4009,BK45
3064600,Brooklyn,3,064600,4009,BK45
3064800,Brooklyn,3,064800,4009,BK45
3065200,Brooklyn,3,065200,4009,BK45
3065400,Brooklyn,3,065400,4009,BK45
3065600,Brooklyn,3,065600,4009,BK45
3065800,Brooklyn,3,065800,4009,BK45
3066000,Brooklyn,3,066000,4009,BK45
3066200,Brooklyn,3,066200,4009,BK45
3067000,Brooklyn,3,067000,4009,BK45
3068600,Brooklyn,3,068600,4009,BK45
3069601,Brooklyn,3,069601,4009,BK45
3069602,Brooklyn,3,069602,4009,BK45
3069800,Brooklyn,3,069800,4009,BK45
3070000,Brooklyn,3,070000,4009,BK45
3070201,Brooklyn,3,070201,4009,BK45
3070600,Brooklyn,3,070600,4009,BK45
3030600,Brooklyn,3,030600,4018,BK26
3030800,Brooklyn,3,030800,4018,BK26
3031400,Brooklyn,3,031400,4018,BK26
3037401,Brooklyn,3,037401,4018,BK26
3037402,Brooklyn,3,037402,4018,BK26
3038200,Brooklyn,3,038200,4018,BK26
3038600,Brooklyn,3,038600,4018,BK26
3039800,Brooklyn,3,039800,4018,BK26
3049900,Brooklyn,3,049900,4001,BK76
3056100,Brooklyn,3,056100,4001,BK76
3056300,Brooklyn,3,056300,4001,BK76
3056500,Brooklyn,3,056500,4001,BK76
3056900,Brooklyn,3,056900,4001,BK76
3057100,Brooklyn,3,057100,4001,BK76
3057300,Brooklyn,3,057300,4001,BK76
3057500,Brooklyn,3,057500,4001,BK76
3057900,Brooklyn,3,057900,4001,BK76
3058900,Brooklyn,3,058900,4001,BK76
3059100,Brooklyn,3,059100,4001,BK76
3059300,Brooklyn,3,059300,4001,BK76
3038800,Brooklyn,3,038800,4016,BK25
3039000,Brooklyn,3,039000,4016,BK25
3039200,Brooklyn,3,039200,4016,BK25
3039400,Brooklyn,3,039400,4016,BK25
3039600,Brooklyn,3,039600,4016,BK25
3041401,Brooklyn,3,041401,4016,BK25
3041402,Brooklyn,3,041402,4016,BK25
3041600,Brooklyn,3,041600,4016,BK25
3041800,Brooklyn,3,041800,4016,BK25
3042000,Brooklyn,3,042000,4016,BK25
3042200,Brooklyn,3,042200,4016,BK25
3055400,Brooklyn,3,055400,4016,BK25
3055600,Brooklyn,3,055600,4016,BK25
3058200,Brooklyn,3,058200,4016,BK25
3058400,Brooklyn,3,058400,4016,BK25
3058800,Brooklyn,3,058800,4016,BK25
3048400,Brooklyn,3,048400,4014,BK41
3048600,Brooklyn,3,048600,4014,BK41
3048800,Brooklyn,3,048800,4014,BK41
3049000,Brooklyn,3,049000,4014,BK41
3049200,Brooklyn,3,049200,4014,BK41
3049400,Brooklyn,3,049400,4014,BK41
3049600,Brooklyn,3,049600,4014,BK41
3049800,Brooklyn,3,049800,4014,BK41
3054800,Brooklyn,3,054800,4016,BK44
3055000,Brooklyn,3,055000,4016,BK44
3055200,Brooklyn,3,055200,4016,BK44
3055800,Brooklyn,3,055800,4016,BK44
3056000,Brooklyn,3,056000,4016,BK44
3056200,Brooklyn,3,056200,4016,BK44
3056400,Brooklyn,3,056400,4016,BK44
3056600,Brooklyn,3,056600,4016,BK44
3056800,Brooklyn,3,056800,4016,BK44
3057400,Brooklyn,3,057400,4016,BK44
3057600,Brooklyn,3,057600,4016,BK44
3057800,Brooklyn,3,057800,4016,BK44
3058000,Brooklyn,3,058000,4016,BK44
3063800,Brooklyn,3,063800,4016,BK44
3064200,Brooklyn,3,064200,4016,BK44
3045600,Brooklyn,3,045600,4015,BK43
3045800,Brooklyn,3,045800,4015,BK43
3053000,Brooklyn,3,053000,4015,BK43
3053200,Brooklyn,3,053200,4015,BK43
3053400,Brooklyn,3,053400,4015,BK43
3053800,Brooklyn,3,053800,4015,BK43
3054200,Brooklyn,3,054200,4015,BK43
3054400,Brooklyn,3,054400,4015,BK43
3054600,Brooklyn,3,054600,4015,BK43
3074800,Brooklyn,3,074800,4015,BK43
3075000,Brooklyn,3,075000,4015,BK43
3075200,Brooklyn,3,075200,4015,BK43
3075400,Brooklyn,3,075400,4015,BK43
3075600,Brooklyn,3,075600,4015,BK43
3075800,Brooklyn,3,075800,4015,BK43
3076000,Brooklyn,3,076000,4015,BK43
3076200,Brooklyn,3,076200,4015,BK43
3076800,Brooklyn,3,076800,4015,BK43
3051300,Brooklyn,3,051300,4001,BK73
3051500,Brooklyn,3,051500,4001,BK73
3051700,Brooklyn,3,051700,4001,BK73
3051900,Brooklyn,3,051900,4001,BK73
3052300,Brooklyn,3,052300,4001,BK73
3052500,Brooklyn,3,052500,4001,BK73
3052700,Brooklyn,3,052700,4001,BK73
3054700,Brooklyn,3,054700,4001,BK73
3054900,Brooklyn,3,054900,4001,BK73
3055100,Brooklyn,3,055100,4001,BK73
3055300,Brooklyn,3,055300,4001,BK73
3055500,Brooklyn,3,055500,4001,BK73
3055700,Brooklyn,3,055700,4001,BK73
3030100,Brooklyn,3,030100,4007,BK79
3030300,Brooklyn,3,030300,4007,BK79
3036100,Brooklyn,3,036100,4007,BK79
3036300,Brooklyn,3,036300,4007,BK79
3036501,Brooklyn,3,036501,4007,BK79
3036502,Brooklyn,3,036502,4007,BK79
3036700,Brooklyn,3,036700,4007,BK79
3036900,Brooklyn,3,036900,4007,BK79
3037100,Brooklyn,3,037100,4007,BK79
3037300,Brooklyn,3,037300,4007,BK79
3043800,Brooklyn,3,043800,4014,BK46
3044000,Brooklyn,3,044000,4014,BK46
3044200,Brooklyn,3,044200,4014,BK46
3044400,Brooklyn,3,044400,4014,BK46
3044800,Brooklyn,3,044800,4014,BK46
3045000,Brooklyn,3,045000,4014,BK46
3045200,Brooklyn,3,045200,4014,BK46
3045400,Brooklyn,3,045400,4014,BK46
3046202,Brooklyn,3,046202,4014,BK46
3011700,Brooklyn,3,011700,4005,BK37
3011900,Brooklyn,3,011900,4005,BK37
3012100,Brooklyn,3,012100,4005,BK37
3012901,Brooklyn,3,012901,4005,BK37
3012902,Brooklyn,3,012902,4005,BK37
3013100,Brooklyn,3,013100,4005,BK37
3013300,Brooklyn,3,013300,4005,BK37
3013500,Brooklyn,3,013500,4005,BK37
3013700,Brooklyn,3,013700,4005,BK37
3013900,Brooklyn,3,013900,4005,BK37
3014100,Brooklyn,3,014100,4005,BK37
3014300,Brooklyn,3,014300,4005,BK37
3014900,Brooklyn,3,014900,4005,BK37
3015100,Brooklyn,3,015100,4005,BK37
3015300,Brooklyn,3,015300,4005,BK37
3015500,Brooklyn,3,015500,4005,BK37
3015700,Brooklyn,3,015700,4005,BK37
3015900,Brooklyn,3,015900,4005,BK37
3016500,Brooklyn,3,016500,4005,BK37
3016700,Brooklyn,3,016700,4005,BK37
3015400,Brooklyn,3,015400,4013,BK99
3017500,Brooklyn,3,017500,4012,BK99
3017700,Brooklyn,3,017700,4005,BK99
3040700,Brooklyn,3,040700,4002,BK99
3054300,Brooklyn,3,054300,4004,BK99
3066600,Brooklyn,3,066600,4009,BK99
3070202,Brooklyn,3,070202,4009,BK99
3070203,Brooklyn,3,070203,4009,BK99
3085200,Brooklyn,3,085200,4010,BK99
3118000,Brooklyn,3,118000,4008,BK99
3990100,Brooklyn,3,990100,4018,BK99
3016100,Brooklyn,3,016100,4006,BK64
3016300,Brooklyn,3,016300,4006,BK64
3020300,Brooklyn,3,020300,4006,BK64
3020500,Brooklyn,3,020500,4006,BK64
3020700,Brooklyn,3,020700,4006,BK64
3021500,Brooklyn,3,021500,4006,BK64
3032700,Brooklyn,3,032700,4011,BK60
3032900,Brooklyn,3,032900,4011,BK60
3079601,Brooklyn,3,079601,4011,BK60
3079602,Brooklyn,3,079602,4011,BK60
3079801,Brooklyn,3,079801,4011,BK60
3079802,Brooklyn,3,079802,4011,BK60
3080000,Brooklyn,3,080000,4011,BK60
3080200,Brooklyn,3,080200,4011,BK60
3080400,Brooklyn,3,080400,4011,BK60
3080600,Brooklyn,3,080600,4011,BK60
3080800,Brooklyn,3,080800,4011,BK60
3081000,Brooklyn,3,081000,4011,BK60
3082000,Brooklyn,3,082000,4011,BK60
3082200,Brooklyn,3,082200,4011,BK60
3087401,Brooklyn,3,087401,4011,BK60
3087600,Brooklyn,3,087600,4011,BK60
3087800,Brooklyn,3,087800,4011,BK60
3088000,Brooklyn,3,088000,4011,BK60
3084600,Brooklyn,3,084600,4010,BK96
3084800,Brooklyn,3,084800,4010,BK96
3086200,Brooklyn,3,086200,4010,BK96
3086400,Brooklyn,3,086400,4010,BK96
3086600,Brooklyn,3,086600,4010,BK96
3086800,Brooklyn,3,086800,4010,BK96
3088200,Brooklyn,3,088200,4010,BK96
3088400,Brooklyn,3,088400,4010,BK96
3088600,Brooklyn,3,088600,4010,BK96
3088800,Brooklyn,3,088800,4010,BK96
3089000,Brooklyn,3,089000,4010,BK96
3092800,Brooklyn,3,092800,4010,BK96
3093000,Brooklyn,3,093000,4010,BK96
3093400,Brooklyn,3,093400,4010,BK96
3093600,Brooklyn,3,093600,4010,BK96
3093800,Brooklyn,3,093800,4010,BK96
3094600,Brooklyn,3,094600,4010,BK96
3032600,Brooklyn,3,032600,4018,BK21
3032800,Brooklyn,3,032800,4018,BK21
3033000,Brooklyn,3,033000,4018,BK21
3033600,Brooklyn,3,033600,4018,BK21
3034000,Brooklyn,3,034000,4018,BK21
3034200,Brooklyn,3,034200,4018,BK21
3034800,Brooklyn,3,034800,4018,BK21
3035200,Brooklyn,3,035200,4018,BK21
3057000,Brooklyn,3,057000,4016,BK17
3057200,Brooklyn,3,057200,4016,BK17
3058600,Brooklyn,3,058600,4016,BK17
3059000,Brooklyn,3,059000,4016,BK17
3059200,Brooklyn,3,059200,4016,BK17
3059401,Brooklyn,3,059401,4016,BK17
3059402,Brooklyn,3,059402,4016,BK17
3059600,Brooklyn,3,059600,4016,BK17
3059800,Brooklyn,3,059800,4016,BK17
3060000,Brooklyn,3,060000,4016,BK17
3060600,Brooklyn,3,060600,4016,BK17
3060800,Brooklyn,3,060800,4016,BK17
3061200,Brooklyn,3,061200,4016,BK17
3061600,Brooklyn,3,061600,4016,BK17
3062000,Brooklyn,3,062000,4016,BK17
3062200,Brooklyn,3,062200,4016,BK17
3062600,Brooklyn,3,062600,4016,BK17
3062800,Brooklyn,3,062800,4016,BK17
3063200,Brooklyn,3,063200,4016,BK17
3105801,Brooklyn,3,105801,4008,BK93
3105804,Brooklyn,3,105804,4008,BK93
3027300,Brooklyn,3,027300,4003,BK35
3027500,Brooklyn,3,027500,4003,BK35
3027700,Brooklyn,3,027700,4003,BK35
3027900,Brooklyn,3,027900,4003,BK35
3028100,Brooklyn,3,028100,4003,BK35
3028300,Brooklyn,3,028300,4003,BK35
3028502,Brooklyn,3,028502,4003,BK35
3028700,Brooklyn,3,028700,4003,BK35
3028900,Brooklyn,3,028900,4003,BK35
3029100,Brooklyn,3,029100,4003,BK35
3029300,Brooklyn,3,029300,4003,BK35
3029500,Brooklyn,3,029500,4003,BK35
3037500,Brooklyn,3,037500,4003,BK35
3037700,Brooklyn,3,037700,4003,BK35
3037900,Brooklyn,3,037900,4003,BK35
3038300,Brooklyn,3,038300,4003,BK35
3038500,Brooklyn,3,038500,4003,BK35
3038700,Brooklyn,3,038700,4003,BK35
3008600,Brooklyn,3,008600,4012,BK34
3008800,Brooklyn,3,008800,4012,BK34
3009000,Brooklyn,3,009000,4012,BK34
3009200,Brooklyn,3,009200,4012,BK34
3009400,Brooklyn,3,009400,4012,BK34
3009600,Brooklyn,3,009600,4012,BK34
3009800,Brooklyn,3,009800,4012,BK34
3010000,Brooklyn,3,010000,4012,BK34
3010200,Brooklyn,3,010200,4012,BK34
3010400,Brooklyn,3,010400,4012,BK34
3010600,Brooklyn,3,010600,4012,BK34
3010800,Brooklyn,3,010800,4012,BK34
3011000,Brooklyn,3,011000,4012,BK34
3011200,Brooklyn,3,011200,4012,BK34
3011800,Brooklyn,3,011800,4012,BK34
3012000,Brooklyn,3,012000,4012,BK34
3000200,Brooklyn,3,000200,4012,BK32
3001800,Brooklyn,3,001800,4012,BK32
3002000,Brooklyn,3,002000,4012,BK32
3002200,Brooklyn,3,002200,4012,BK32
3007200,Brooklyn,3,007200,4012,BK32
3007400,Brooklyn,3,007400,4012,BK32
3007600,Brooklyn,3,007600,4012,BK32
3007800,Brooklyn,3,007800,4012,BK32
3008000,Brooklyn,3,008000,4012,BK32
3008200,Brooklyn,3,008200,4012,BK32
3008400,Brooklyn,3,008400,4012,BK32
3010100,Brooklyn,3,010100,4012,BK32
3012200,Brooklyn,3,012200,4012,BK32
3014500,Brooklyn,3,014500,4012,BK32
3014700,Brooklyn,3,014700,4012,BK32
3035000,Brooklyn,3,035000,4018,BK23
3035400,Brooklyn,3,035400,4018,BK23
3035601,Brooklyn,3,035601,4018,BK23
3035602,Brooklyn,3,035602,4018,BK23
3050900,Brooklyn,3,050900,4001,BK72
3052900,Brooklyn,3,052900,4001,BK72
3053300,Brooklyn,3,053300,4001,BK72
3053500,Brooklyn,3,053500,4001,BK72
3053700,Brooklyn,3,053700,4001,BK72
3053900,Brooklyn,3,053900,4001,BK72
3054500,Brooklyn,3,054500,4001,BK72
3016900,Brooklyn,3,016900,4012,BK40
3017100,Brooklyn,3,017100,4012,BK40
3050000,Brooklyn,3,050000,4012,BK40
3050202,Brooklyn,3,050202,4012,BK40
3050400,Brooklyn,3,050400,4012,BK40
3150200,Brooklyn,3,150200,4012,BK40
1000700,Manhattan,1,000700,3810,MN25
1000900,Manhattan,1,000900,3810,MN25
1001300,Manhattan,1,001300,3810,MN25
1001501,Manhattan,1,001501,3810,MN25
1001502,Manhattan,1,001502,3810,MN25
1031703,Manhattan,1,031703,3810,MN25
1031704,Manhattan,1,031704,3810,MN25
1020600,Manhattan,1,020600,3803,MN03
1020800,Manhattan,1,020800,3803,MN03
1021200,Manhattan,1,021200,3803,MN03
1021400,Manhattan,1,021400,3803,MN03
1021500,Manhattan,1,021500,3803,MN03
1022102,Manhattan,1,022102,3803,MN03
1022400,Manhattan,1,022400,3803,MN03
1022600,Manhattan,1,022600,3803,MN03
1022800,Manhattan,1,022800,3803,MN03
1023000,Manhattan,1,023000,3803,MN03
1023200,Manhattan,1,023200,3803,MN03
1023400,Manhattan,1,023400,3803,MN03
1023502,Manhattan,1,023502,3803,MN03
1023600,Manhattan,1,023600,3803,MN03
1024302,Manhattan,1,024302,3803,MN03
1025900,Manhattan,1,025900,3803,MN03
1018600,Manhattan,1,018600,3803,MN11
1019000,Manhattan,1,019000,3803,MN11
1019702,Manhattan,1,019702,3803,MN11
1020000,Manhattan,1,020000,3803,MN11
1020102,Manhattan,1,020102,3803,MN11
1021600,Manhattan,1,021600,3803,MN11
1021800,Manhattan,1,021800,3803,MN11
1022000,Manhattan,1,022000,3803,MN11
1022200,Manhattan,1,022200,3803,MN11
1025700,Manhattan,1,025700,3803,MN11
1000800,Manhattan,1,000800,3809,MN27
1001600,Manhattan,1,001600,3809,MN27
1001800,Manhattan,1,001800,3809,MN27
1002500,Manhattan,1,002500,3809,MN27
1002700,Manhattan,1,002700,3809,MN27
1002900,Manhattan,1,002900,3809,MN27
1003001,Manhattan,1,003001,3809,MN27
1003601,Manhattan,1,003601,3809,MN27
1011500,Manhattan,1,011500,3807,MN15
1012100,Manhattan,1,012100,3807,MN15
1012700,Manhattan,1,012700,3807,MN15
1012900,Manhattan,1,012900,3807,MN15
1013300,Manhattan,1,013300,3807,MN15
1013500,Manhattan,1,013500,3807,MN15
1013900,Manhattan,1,013900,3807,MN15
1017800,Manhattan,1,017800,3804,MN34
1018000,Manhattan,1,018000,3804,MN34
1018200,Manhattan,1,018200,3804,MN34
1018400,Manhattan,1,018400,3804,MN34
1018800,Manhattan,1,018800,3804,MN34
1019200,Manhattan,1,019200,3804,MN34
1019400,Manhattan,1,019400,3804,MN34
1019600,Manhattan,1,019600,3804,MN34
1019800,Manhattan,1,019800,3804,MN34
1021000,Manhattan,1,021000,3804,MN34
1024200,Manhattan,1,024200,3804,MN34
1015602,Manhattan,1,015602,3804,MN33
1015802,Manhattan,1,015802,3804,MN33
1016002,Manhattan,1,016002,3804,MN33
1016200,Manhattan,1,016200,3804,MN33
1016400,Manhattan,1,016400,3804,MN33
1016600,Manhattan,1,016600,3804,MN33
1016800,Manhattan,1,016800,3804,MN33
1017000,Manhattan,1,017000,3804,MN33
1017200,Manhattan,1,017200,3804,MN33
1017401,Manhattan,1,017401,3804,MN33
1017402,Manhattan,1,017402,3804,MN33
1003002,Manhattan,1,003002,3809,MN22
1003200,Manhattan,1,003200,3809,MN22
1003400,Manhattan,1,003400,3809,MN22
1003602,Manhattan,1,003602,3809,MN22
1003800,Manhattan,1,003800,3809,MN22
1004000,Manhattan,1,004000,3809,MN22
1004200,Manhattan,1,004200,3809,MN22
1004800,Manhattan,1,004800,3808,MN21
1005000,Manhattan,1,005000,3808,MN21
1006400,Manhattan,1,006400,3808,MN21
1006800,Manhattan,1,006800,3808,MN21
1022500,Manhattan,1,022500,3802,MN04
1022700,Manhattan,1,022700,3802,MN04
1022900,Manhattan,1,022900,3802,MN04
1023100,Manhattan,1,023100,3802,MN04
1023300,Manhattan,1,023300,3802,MN04
1023501,Manhattan,1,023501,3802,MN04
1023700,Manhattan,1,023700,3802,MN04
1005200,Manhattan,1,005200,3807,MN13
1005400,Manhattan,1,005400,3807,MN13
1005600,Manhattan,1,005600,3807,MN13
1005800,Manhattan,1,005800,3807,MN13
1008100,Manhattan,1,008100,3807,MN13
1008300,Manhattan,1,008300,3807,MN13
1008700,Manhattan,1,008700,3807,MN13
1008900,Manhattan,1,008900,3807,MN13
1009100,Manhattan,1,009100,3807,MN13
1009300,Manhattan,1,009300,3807,MN13
1009700,Manhattan,1,009700,3807,MN13
1009900,Manhattan,1,009900,3807,MN13
1010300,Manhattan,1,010300,3807,MN13
1011100,Manhattan,1,011100,3807,MN13
1011700,Manhattan,1,011700,3807,MN13
1010602,Manhattan,1,010602,3805,MN31
1011000,Manhattan,1,011000,3805,MN31
1011600,Manhattan,1,011600,3805,MN31
1011800,Manhattan,1,011800,3805,MN31
1012400,Manhattan,1,012400,3805,MN31
1012600,Manhattan,1,012600,3805,MN31
1013200,Manhattan,1,013200,3805,MN31
1013400,Manhattan,1,013400,3805,MN31
1023801,Manhattan,1,023801,3805,MN31
1023802,Manhattan,1,023802,3805,MN31
1014500,Manhattan,1,014500,3806,MN14
1014700,Manhattan,1,014700,3806,MN14
1014900,Manhattan,1,014900,3806,MN14
1015100,Manhattan,1,015100,3806,MN14
1015300,Manhattan,1,015300,3806,MN14
1015500,Manhattan,1,015500,3806,MN14
1015700,Manhattan,1,015700,3806,MN14
1015900,Manhattan,1,015900,3806,MN14
1000201,Manhattan,1,000201,3809,MN28
1000202,Manhattan,1,000202,3809,MN28
1000600,Manhattan,1,000600,3809,MN28
1001001,Manhattan,1,001001,3809,MN28
1001002,Manhattan,1,001002,3809,MN28
1001200,Manhattan,1,001200,3809,MN28
1001401,Manhattan,1,001401,3809,MN28
1001402,Manhattan,1,001402,3809,MN28
1002000,Manhattan,1,002000,3809,MN28
1002201,Manhattan,1,002201,3809,MN28
1002202,Manhattan,1,002202,3809,MN28
1002400,Manhattan,1,002400,3809,MN28
1002601,Manhattan,1,002601,3809,MN28
1002602,Manhattan,1,002602,3809,MN28
1002800,Manhattan,1,002800,3809,MN28
1021303,Manhattan,1,021303,3802,MN06
1021703,Manhattan,1,021703,3802,MN06
1021900,Manhattan,1,021900,3802,MN06
1022301,Manhattan,1,022301,3802,MN06
1022302,Manhattan,1,022302,3802,MN06
1029100,Manhattan,1,029100,3801,MN01
1029300,Manhattan,1,029300,3801,MN01
1029500,Manhattan,1,029500,3801,MN01
1029900,Manhattan,1,029900,3801,MN01
1030300,Manhattan,1,030300,3801,MN01
1030700,Manhattan,1,030700,3801,MN01
1030900,Manhattan,1,030900,3801,MN01
1007400,Manhattan,1,007400,3807,MN17
1007600,Manhattan,1,007600,3807,MN17
1008400,Manhattan,1,008400,3807,MN17
1009400,Manhattan,1,009400,3807,MN17
1009500,Manhattan,1,009500,3807,MN17
1009600,Manhattan,1,009600,3807,MN17
1010100,Manhattan,1,010100,3807,MN17
1010200,Manhattan,1,010200,3807,MN17
1010400,Manhattan,1,010400,3807,MN17
1010900,Manhattan,1,010900,3807,MN17
1011201,Manhattan,1,011201,3807,MN17
1011202,Manhattan,1,011202,3807,MN17
1011300,Manhattan,1,011300,3807,MN17
1011900,Manhattan,1,011900,3807,MN17
1012500,Manhattan,1,012500,3807,MN17
1013100,Manhattan,1,013100,3807,MN17
1013700,Manhattan,1,013700,3807,MN17
1019300,Manhattan,1,019300,3802,MN09
1019500,Manhattan,1,019500,3802,MN09
1019701,Manhattan,1,019701,3802,MN09
1019900,Manhattan,1,019900,3802,MN09
1020101,Manhattan,1,020101,3802,MN09
1020300,Manhattan,1,020300,3802,MN09
1020500,Manhattan,1,020500,3802,MN09
1020701,Manhattan,1,020701,3802,MN09
1020901,Manhattan,1,020901,3802,MN09
1021100,Manhattan,1,021100,3802,MN09
1006200,Manhattan,1,006200,3808,MN20
1006600,Manhattan,1,006600,3808,MN20
1007000,Manhattan,1,007000,3808,MN20
1007200,Manhattan,1,007200,3808,MN20
1007800,Manhattan,1,007800,3808,MN20
1008000,Manhattan,1,008000,3808,MN20
1008200,Manhattan,1,008200,3808,MN20
1000100,Manhattan,1,000100,3810,MN99
1000500,Manhattan,1,000500,3810,MN99
1014300,Manhattan,1,014300,3806,MN99
1024000,Manhattan,1,024000,3804,MN99
1029700,Manhattan,1,029700,3801,MN99
1031100,Manhattan,1,031100,3801,MN99
1031900,Manhattan,1,031900,3810,MN99
1002100,Manhattan,1,002100,3810,MN24
1003100,Manhattan,1,003100,3810,MN24
1003300,Manhattan,1,003300,3810,MN24
1003700,Manhattan,1,003700,3810,MN24
1003900,Manhattan,1,003900,3810,MN24
1004100,Manhattan,1,004100,3810,MN24
1004300,Manhattan,1,004300,3810,MN24
1004500,Manhattan,1,004500,3810,MN24
1004700,Manhattan,1,004700,3810,MN24
1004900,Manhattan,1,004900,3810,MN24
1004400,Manhattan,1,004400,3808,MN50
1006000,Manhattan,1,006000,3808,MN50
1008601,Manhattan,1,008601,3808,MN19
1008602,Manhattan,1,008602,3808,MN19
1008603,Manhattan,1,008603,3808,MN19
1008800,Manhattan,1,008800,3808,MN19
1009000,Manhattan,1,009000,3808,MN19
1009200,Manhattan,1,009200,3808,MN19
1009800,Manhattan,1,009800,3808,MN19
1010000,Manhattan,1,010000,3808,MN19
1010601,Manhattan,1,010601,3808,MN19
1010800,Manhattan,1,010800,3808,MN19
1011203,Manhattan,1,011203,3808,MN19
1011401,Manhattan,1,011401,3805,MN40
1011402,Manhattan,1,011402,3805,MN40
1012000,Manhattan,1,012000,3805,MN40
1012200,Manhattan,1,012200,3805,MN40
1012800,Manhattan,1,012800,3805,MN40
1013000,Manhattan,1,013000,3805,MN40
1014000,Manhattan,1,014000,3805,MN40
1014200,Manhattan,1,014200,3805,MN40
1014801,Manhattan,1,014801,3805,MN40
1014802,Manhattan,1,014802,3805,MN40
1015001,Manhattan,1,015001,3805,MN40
1015002,Manhattan,1,015002,3805,MN40
1015801,Manhattan,1,015801,3805,MN40
1016001,Manhattan,1,016001,3805,MN40
1016100,Manhattan,1,016100,3806,MN12
1016300,Manhattan,1,016300,3806,MN12
1016500,Manhattan,1,016500,3806,MN12
1016700,Manhattan,1,016700,3806,MN12
1016900,Manhattan,1,016900,3806,MN12
1017100,Manhattan,1,017100,3806,MN12
1017300,Manhattan,1,017300,3806,MN12
1017500,Manhattan,1,017500,3806,MN12
1017700,Manhattan,1,017700,3806,MN12
1017900,Manhattan,1,017900,3806,MN12
1018100,Manhattan,1,018100,3806,MN12
1018300,Manhattan,1,018300,3806,MN12
1018500,Manhattan,1,018500,3806,MN12
1018700,Manhattan,1,018700,3806,MN12
1018900,Manhattan,1,018900,3806,MN12
1019100,Manhattan,1,019100,3806,MN12
1026700,Manhattan,1,026700,3801,MN35
1026900,Manhattan,1,026900,3801,MN35
1027100,Manhattan,1,027100,3801,MN35
1027300,Manhattan,1,027300,3801,MN35
1027500,Manhattan,1,027500,3801,MN35
1027700,Manhattan,1,027700,3801,MN35
1027900,Manhattan,1,027900,3801,MN35
1028100,Manhattan,1,028100,3801,MN35
1028300,Manhattan,1,028300,3801,MN35
1028500,Manhattan,1,028500,3801,MN35
1028700,Manhattan,1,028700,3801,MN35
1023900,Manhattan,1,023900,3801,MN36
1024100,Manhattan,1,024100,3801,MN36
1024301,Manhattan,1,024301,3801,MN36
1024500,Manhattan,1,024500,3801,MN36
1024700,Manhattan,1,024700,3801,MN36
1024900,Manhattan,1,024900,3801,MN36
1025100,Manhattan,1,025100,3801,MN36
1025300,Manhattan,1,025300,3801,MN36
1025500,Manhattan,1,025500,3801,MN36
1026100,Manhattan,1,026100,3801,MN36
1026300,Manhattan,1,026300,3801,MN36
1026500,Manhattan,1,026500,3801,MN36
1005501,Manhattan,1,005501,3810,MN23
1005502,Manhattan,1,005502,3810,MN23
1005700,Manhattan,1,005700,3810,MN23
1005900,Manhattan,1,005900,3810,MN23
1006100,Manhattan,1,006100,3810,MN23
1006300,Manhattan,1,006300,3810,MN23
1006500,Manhattan,1,006500,3810,MN23
1006700,Manhattan,1,006700,3810,MN23
1006900,Manhattan,1,006900,3810,MN23
1007100,Manhattan,1,007100,3810,MN23
1007300,Manhattan,1,007300,3810,MN23
1007500,Manhattan,1,007500,3810,MN23
1007700,Manhattan,1,007700,3810,MN23
1007900,Manhattan,1,007900,3810,MN23
1013600,Manhattan,1,013600,3805,MN32
1013800,Manhattan,1,013800,3805,MN32
1014401,Manhattan,1,014401,3805,MN32
1014402,Manhattan,1,014402,3805,MN32
1014601,Manhattan,1,014601,3805,MN32
1014602,Manhattan,1,014602,3805,MN32
1015200,Manhattan,1,015200,3805,MN32
1015400,Manhattan,1,015400,3805,MN32
1015601,Manhattan,1,015601,3805,MN32
4033100,Queens,4,033100,4102,QN98
4071600,Queens,4,071600,4105,QN98
4004500,Queens,4,004500,4101,QN70
4004700,Queens,4,004700,4101,QN70
4005300,Queens,4,005300,4101,QN70
4005700,Queens,4,005700,4101,QN70
4005900,Queens,4,005900,4101,QN70
4006100,Queens,4,006100,4101,QN70
4006300,Queens,4,006300,4101,QN70
4006501,Queens,4,006501,4101,QN70
4006502,Queens,4,006502,4101,QN70
4007500,Queens,4,007500,4101,QN70
4007700,Queens,4,007700,4101,QN70
4014100,Queens,4,014100,4101,QN70
4014300,Queens,4,014300,4101,QN70
4014500,Queens,4,014500,4101,QN70
4014700,Queens,4,014700,4101,QN70
4014900,Queens,4,014900,4101,QN70
4015100,Queens,4,015100,4101,QN70
4015300,Queens,4,015300,4101,QN70
4015500,Queens,4,015500,4101,QN70
4015700,Queens,4,015700,4101,QN70
4015900,Queens,4,015900,4101,QN70
4016100,Queens,4,016100,4101,QN70
4016300,Queens,4,016300,4101,QN70
4113900,Queens,4,113900,4104,QN48
4118100,Queens,4,118100,4104,QN48
4140902,Queens,4,140902,4104,QN48
4141700,Queens,4,141700,4104,QN48
4142900,Queens,4,142900,4104,QN48
4145101,Queens,4,145101,4104,QN48
4145900,Queens,4,145900,4104,QN48
4018200,Queens,4,018200,4112,QN76
4018401,Queens,4,018401,4112,QN76
4018402,Queens,4,018402,4112,QN76
4018600,Queens,4,018600,4112,QN76
4018800,Queens,4,018800,4112,QN76
4019000,Queens,4,019000,4112,QN76
4019200,Queens,4,019200,4112,QN76
4027200,Queens,4,027200,4112,QN76
4027400,Queens,4,027400,4112,QN76
4027600,Queens,4,027600,4112,QN76
4027800,Queens,4,027800,4112,QN76
4028400,Queens,4,028400,4112,QN76
4028800,Queens,4,028800,4112,QN76
4078800,Queens,4,078800,4112,QN76
4079000,Queens,4,079000,4112,QN76
4079200,Queens,4,079200,4112,QN76
4108500,Queens,4,108500,4104,QN46
4109300,Queens,4,109300,4104,QN46
4109700,Queens,4,109700,4104,QN46
4109900,Queens,4,109900,4104,QN46
4111300,Queens,4,111300,4104,QN46
4112300,Queens,4,112300,4104,QN46
4112900,Queens,4,112900,4104,QN46
4113300,Queens,4,113300,4104,QN46
4139900,Queens,4,139900,4104,QN46
4140300,Queens,4,140300,4104,QN46
4140901,Queens,4,140901,4104,QN46
4143500,Queens,4,143500,4104,QN46
4144100,Queens,4,144100,4104,QN46
4144700,Queens,4,144700,4104,QN46
4145102,Queens,4,145102,4104,QN46
4146300,Queens,4,146300,4104,QN46
4146700,Queens,4,146700,4104,QN46
4147100,Queens,4,147100,4104,QN46
4130100,Queens,4,130100,4105,QN43
4156700,Queens,4,156700,4105,QN43
4157101,Queens,4,157101,4105,QN43
4157102,Queens,4,157102,4105,QN43
4161700,Queens,4,161700,4105,QN43
4162100,Queens,4,162100,4105,QN43
4091601,Queens,4,091601,4114,QN10
4092200,Queens,4,092200,4114,QN10
4092800,Queens,4,092800,4114,QN10
4093401,Queens,4,093401,4114,QN10
4093402,Queens,4,093402,4114,QN10
4093800,Queens,4,093800,4114,QN10
4094201,Queens,4,094201,4114,QN10
4107201,Queens,4,107201,4114,QN10
4021400,Queens,4,021400,4106,QN35
4022001,Queens,4,022001,4106,QN35
4022002,Queens,4,022002,4106,QN35
4023000,Queens,4,023000,4106,QN35
4023200,Queens,4,023200,4106,QN35
4023600,Queens,4,023600,4106,QN35
4044800,Queens,4,044800,4106,QN35
4045000,Queens,4,045000,4106,QN35
4045200,Queens,4,045200,4106,QN35
4045400,Queens,4,045400,4106,QN35
4045600,Queens,4,045600,4106,QN35
4053401,Queens,4,053401,4105,QN33
4059000,Queens,4,059000,4105,QN33
4059200,Queens,4,059200,4105,QN33
4059400,Queens,4,059400,4105,QN33
4059600,Queens,4,059600,4105,QN33
4059800,Queens,4,059800,4105,QN33
4060000,Queens,4,060000,4105,QN33
4060600,Queens,4,060600,4105,QN33
4060800,Queens,4,060800,4105,QN33
4061000,Queens,4,061000,4105,QN33
4061200,Queens,4,061200,4105,QN33
4061400,Queens,4,061400,4105,QN33
4062200,Queens,4,062200,4105,QN33
4090700,Queens,4,090700,4103,QN23
4091900,Queens,4,091900,4103,QN23
4092500,Queens,4,092500,4103,QN23
4092900,Queens,4,092900,4103,QN23
4093900,Queens,4,093900,4103,QN23
4094700,Queens,4,094700,4103,QN23
4039900,Queens,4,039900,4107,QN25
4041100,Queens,4,041100,4107,QN25
4041300,Queens,4,041300,4107,QN25
4041500,Queens,4,041500,4107,QN25
4042700,Queens,4,042700,4107,QN25
4043701,Queens,4,043701,4107,QN25
4043702,Queens,4,043702,4107,QN25
4043900,Queens,4,043900,4107,QN25
4044301,Queens,4,044301,4107,QN25
4044302,Queens,4,044302,4107,QN25
4045500,Queens,4,045500,4107,QN25
4147900,Queens,4,147900,4104,QN45
4148300,Queens,4,148300,4104,QN45
4150701,Queens,4,150701,4104,QN45
4150702,Queens,4,150702,4104,QN45
4152901,Queens,4,152901,4104,QN45
4152902,Queens,4,152902,4104,QN45
4035300,Queens,4,035300,4102,QN27
4035700,Queens,4,035700,4102,QN27
4036100,Queens,4,036100,4102,QN27
4036300,Queens,4,036300,4102,QN27
4036500,Queens,4,036500,4102,QN27
4036700,Queens,4,036700,4102,QN27
4037100,Queens,4,037100,4102,QN27
4037300,Queens,4,037300,4102,QN27
4086100,Queens,4,086100,4103,QN52
4118500,Queens,4,118500,4103,QN52
4118700,Queens,4,118700,4103,QN52
4118900,Queens,4,118900,4103,QN52
4119100,Queens,4,119100,4103,QN52
4119300,Queens,4,119300,4103,QN52
4119500,Queens,4,119500,4103,QN52
4119900,Queens,4,119900,4103,QN52
4120100,Queens,4,120100,4103,QN52
4120300,Queens,4,120300,4103,QN52
4120500,Queens,4,120500,4103,QN52
4120700,Queens,4,120700,4103,QN52
4026700,Queens,4,026700,4107,QN29
4026901,Queens,4,026901,4107,QN29
4026902,Queens,4,026902,4107,QN29
4027100,Queens,4,027100,4107,QN29
4045700,Queens,4,045700,4107,QN29
4045900,Queens,4,045900,4107,QN29
4046100,Queens,4,046100,4107,QN29
4046300,Queens,4,046300,4107,QN29
4046500,Queens,4,046500,4107,QN29
4046700,Queens,4,046700,4107,QN29
4046900,Queens,4,046900,4107,QN29
4047100,Queens,4,047100,4107,QN29
4047300,Queens,4,047300,4107,QN29
4047500,Queens,4,047500,4107,QN29
4048100,Queens,4,048100,4107,QN29
4049900,Queens,4,049900,4107,QN29
4068300,Queens,4,068300,4107,QN29
4024300,Queens,4,024300,4109,QN50
4026500,Queens,4,026500,4109,QN50
4047900,Queens,4,047900,4109,QN50
4048300,Queens,4,048300,4109,QN50
4048500,Queens,4,048500,4109,QN50
4048900,Queens,4,048900,4109,QN50
4099801,Queens,4,099801,4114,QN15
4099802,Queens,4,099802,4114,QN15
4100801,Queens,4,100801,4114,QN15
4100802,Queens,4,100802,4114,QN15
4101001,Queens,4,101001,4114,QN15
4101002,Queens,4,101002,4114,QN15
4103201,Queens,4,103201,4114,QN15
4103202,Queens,4,103202,4114,QN15
4079701,Queens,4,079701,4103,QN22
4079702,Queens,4,079702,4103,QN22
4084500,Queens,4,084500,4103,QN22
4084900,Queens,4,084900,4103,QN22
4085300,Queens,4,085300,4103,QN22
4085500,Queens,4,085500,4103,QN22
4085700,Queens,4,085700,4103,QN22
4085900,Queens,4,085900,4103,QN22
4086500,Queens,4,086500,4103,QN22
4086900,Queens,4,086900,4103,QN22
4087100,Queens,4,087100,4103,QN22
4088901,Queens,4,088901,4103,QN22
4116100,Queens,4,116100,4103,QN22
4064500,Queens,4,064500,4108,QN17
4070700,Queens,4,070700,4108,QN17
4070900,Queens,4,070900,4108,QN17
4071100,Queens,4,071100,4108,QN17
4071303,Queens,4,071303,4108,QN17
4071304,Queens,4,071304,4108,QN17
4071305,Queens,4,071305,4108,QN17
4071306,Queens,4,071306,4108,QN17
4071900,Queens,4,071900,4108,QN17
4072100,Queens,4,072100,4108,QN17
4072300,Queens,4,072300,4108,QN17
4072900,Queens,4,072900,4108,QN17
4073100,Queens,4,073100,4108,QN17
4073700,Queens,4,073700,4108,QN17
4073900,Queens,4,073900,4108,QN17
4074100,Queens,4,074100,4108,QN17
4074300,Queens,4,074300,4108,QN17
4074500,Queens,4,074500,4108,QN17
4074700,Queens,4,074700,4108,QN17
4074900,Queens,4,074900,4108,QN17
4075701,Queens,4,075701,4108,QN17
4075702,Queens,4,075702,4108,QN17
4076901,Queens,4,076901,4108,QN17
4076902,Queens,4,076902,4108,QN17
4133300,Queens,4,133300,4106,QN41
4133900,Queens,4,133900,4106,QN41
4134100,Queens,4,134100,4106,QN41
4134700,Queens,4,134700,4106,QN41
4099701,Queens,4,099701,4103,QN47
4099703,Queens,4,099703,4103,QN47
4099704,Queens,4,099704,4103,QN47
4099705,Queens,4,099705,4103,QN47
4099900,Queens,4,099900,4103,QN47
4101700,Queens,4,101700,4103,QN47
4155101,Queens,4,155101,4105,QN44
4155102,Queens,4,155102,4105,QN44
4157901,Queens,4,157901,4105,QN44
4157902,Queens,4,157902,4105,QN44
4157903,Queens,4,157903,4105,QN44
4056500,Queens,4,056500,4110,QN19
4056700,Queens,4,056700,4110,QN19
4057700,Queens,4,057700,4110,QN19
4057900,Queens,4,057900,4110,QN19
4062300,Queens,4,062300,4110,QN19
4062500,Queens,4,062500,4110,QN19
4062700,Queens,4,062700,4110,QN19
4062900,Queens,4,062900,4110,QN19
4063301,Queens,4,063301,4110,QN19
4063302,Queens,4,063302,4110,QN19
4063500,Queens,4,063500,4110,QN19
4063700,Queens,4,063700,4110,QN19
4063900,Queens,4,063900,4110,QN19
4094202,Queens,4,094202,4114,QN12
4094203,Queens,4,094203,4114,QN12
4095400,Queens,4,095400,4114,QN12
4096400,Queens,4,096400,4114,QN12
4097202,Queens,4,097202,4114,QN12
4097203,Queens,4,097203,4114,QN12
4097204,Queens,4,097204,4114,QN12
4099200,Queens,4,099200,4114,QN12
4048200,Queens,4,048200,4112,QN07
4048400,Queens,4,048400,4112,QN07
4050000,Queens,4,050000,4112,QN07
4050201,Queens,4,050201,4112,QN07
4050202,Queens,4,050202,4112,QN07
4050400,Queens,4,050400,4112,QN07
4050600,Queens,4,050600,4112,QN07
4050800,Queens,4,050800,4112,QN07
4051000,Queens,4,051000,4112,QN07
4000100,Queens,4,000100,4109,QN31
4000700,Queens,4,000700,4109,QN31
4001900,Queens,4,001900,4109,QN31
4016900,Queens,4,016900,4109,QN31
4017100,Queens,4,017100,4109,QN31
4017900,Queens,4,017900,4109,QN31
4018101,Queens,4,018101,4109,QN31
4018102,Queens,4,018102,4109,QN31
4018300,Queens,4,018300,4109,QN31
4018501,Queens,4,018501,4109,QN31
4018502,Queens,4,018502,4109,QN31
4018700,Queens,4,018700,4109,QN31
4018900,Queens,4,018900,4109,QN31
4019900,Queens,4,019900,4109,QN31
4020500,Queens,4,020500,4109,QN31
4021900,Queens,4,021900,4109,QN31
4023500,Queens,4,023500,4109,QN31
4025301,Queens,4,025301,4109,QN31
4025302,Queens,4,025302,4109,QN31
4027300,Queens,4,027300,4102,QN28
4027500,Queens,4,027500,4102,QN28
4027700,Queens,4,027700,4102,QN28
4027900,Queens,4,027900,4102,QN28
4028100,Queens,4,028100,4102,QN28
4028300,Queens,4,028300,4102,QN28
4028500,Queens,4,028500,4102,QN28
4028700,Queens,4,028700,4102,QN28
4028900,Queens,4,028900,4102,QN28
4029100,Queens,4,029100,4102,QN28
4030902,Queens,4,030902,4102,QN28
4030903,Queens,4,030903,4102,QN28
4030904,Queens,4,030904,4102,QN28
4032700,Queens,4,032700,4102,QN28
4032900,Queens,4,032900,4102,QN28
4033700,Queens,4,033700,4102,QN28
4033900,Queens,4,033900,4102,QN28
4034700,Queens,4,034700,4102,QN28
4035100,Queens,4,035100,4102,QN28
4020400,Queens,4,020400,4112,QN61
4020600,Queens,4,020600,4112,QN61
4020800,Queens,4,020800,4112,QN61
4021200,Queens,4,021200,4112,QN61
4023800,Queens,4,023800,4112,QN61
4024000,Queens,4,024000,4112,QN61
4024600,Queens,4,024600,4112,QN61
4044400,Queens,4,044400,4112,QN61
4044601,Queens,4,044601,4112,QN61
4044602,Queens,4,044602,4112,QN61
4046000,Queens,4,046000,4112,QN61
4046200,Queens,4,046200,4112,QN61
4046800,Queens,4,046800,4112,QN61
4047000,Queens,4,047000,4112,QN61
4048000,Queens,4,048000,4112,QN61
4045800,Queens,4,045800,4106,QN06
4046400,Queens,4,046400,4106,QN06
4046600,Queens,4,046600,4106,QN06
4047200,Queens,4,047200,4106,QN06
4047600,Queens,4,047600,4106,QN06
4047800,Queens,4,047800,4106,QN06
4049200,Queens,4,049200,4106,QN06
4127700,Queens,4,127700,4106,QN06
4013400,Queens,4,013400,4111,QN60
4013600,Queens,4,013600,4111,QN60
4013800,Queens,4,013800,4111,QN60
4014000,Queens,4,014000,4111,QN60
4021600,Queens,4,021600,4111,QN60
4077300,Queens,4,077300,4111,QN60
4077500,Queens,4,077500,4111,QN60
4077902,Queens,4,077902,4106,QN37
4077903,Queens,4,077903,4106,QN37
4077904,Queens,4,077904,4106,QN37
4077905,Queens,4,077905,4106,QN37
4077906,Queens,4,077906,4106,QN37
4077907,Queens,4,077907,4106,QN37
4077908,Queens,4,077908,4106,QN37
4080900,Queens,4,080900,4106,QN37
4125700,Queens,4,125700,4106,QN37
4032800,Queens,4,032800,4105,QN66
4035800,Queens,4,035800,4105,QN66
4061601,Queens,4,061601,4105,QN66
4061800,Queens,4,061800,4105,QN66
4062000,Queens,4,062000,4105,QN66
4062600,Queens,4,062600,4105,QN66
4063000,Queens,4,063000,4105,QN66
4063200,Queens,4,063200,4105,QN66
4064600,Queens,4,064600,4105,QN66
4065000,Queens,4,065000,4105,QN66
4068200,Queens,4,068200,4105,QN66
4006201,Queens,4,006201,4113,QN57
4006202,Queens,4,006202,4113,QN57
4088400,Queens,4,088400,4113,QN57
4089200,Queens,4,089200,4113,QN57
4049301,Queens,4,049301,4110,QN30
4049302,Queens,4,049302,4110,QN30
4049500,Queens,4,049500,4110,QN30
4049700,Queens,4,049700,4110,QN30
4051100,Queens,4,051100,4110,QN30
4051300,Queens,4,051300,4110,QN30
4051500,Queens,4,051500,4110,QN30
4051700,Queens,4,051700,4110,QN30
4052100,Queens,4,052100,4110,QN30
4052500,Queens,4,052500,4110,QN30
4053100,Queens,4,053100,4110,QN30
4053500,Queens,4,053500,4110,QN30
4059900,Queens,4,059900,4110,QN30
4060100,Queens,4,060100,4110,QN30
4050500,Queens,4,050500,4110,QN21
4050700,Queens,4,050700,4110,QN21
4060300,Queens,4,060300,4110,QN21
4060701,Queens,4,060701,4110,QN21
4061900,Queens,4,061900,4110,QN21
4062100,Queens,4,062100,4110,QN21
4065501,Queens,4,065501,4110,QN21
4065702,Queens,4,065702,4110,QN21
4065703,Queens,4,065703,4110,QN21
4065900,Queens,4,065900,4110,QN21
4066100,Queens,4,066100,4110,QN21
4066300,Queens,4,066300,4110,QN21
4066501,Queens,4,066501,4110,QN21
4066701,Queens,4,066701,4110,QN21
4066900,Queens,4,066900,4110,QN21
4067100,Queens,4,067100,4110,QN21
4067700,Queens,4,067700,4110,QN21
4067900,Queens,4,067900,4110,QN21
4086300,Queens,4,086300,4103,QN51
4104700,Queens,4,104700,4103,QN51
4105900,Queens,4,105900,4103,QN51
4114100,Queens,4,114100,4103,QN51
4114700,Queens,4,114700,4103,QN51
4115100,Queens,4,115100,4103,QN51
4115500,Queens,4,115500,4103,QN51
4115700,Queens,4,115700,4103,QN51
4115900,Queens,4,115900,4103,QN51
4116300,Queens,4,116300,4103,QN51
4116700,Queens,4,116700,4103,QN51
4117100,Queens,4,117100,4103,QN51
4117500,Queens,4,117500,4103,QN51
4037500,Queens,4,037500,4102,QN26
4037700,Queens,4,037700,4102,QN26
4037900,Queens,4,037900,4102,QN26
4038100,Queens,4,038100,4102,QN26
4040100,Queens,4,040100,4102,QN26
4040300,Queens,4,040300,4102,QN26
4040500,Queens,4,040500,4102,QN26
4040700,Queens,4,040700,4102,QN26
4040900,Queens,4,040900,4102,QN26
4129102,Queens,4,129102,4104,QN42
4129103,Queens,4,129103,4104,QN42
4129104,Queens,4,129104,4104,QN42
4136700,Queens,4,136700,4104,QN42
4137700,Queens,4,137700,4104,QN42
4138501,Queens,4,138501,4104,QN42
4006900,Queens,4,006900,4101,QN71
4007100,Queens,4,007100,4101,QN71
4007300,Queens,4,007300,4101,QN71
4007900,Queens,4,007900,4101,QN71
4008100,Queens,4,008100,4101,QN71
4008300,Queens,4,008300,4101,QN71
4008700,Queens,4,008700,4101,QN71
4009100,Queens,4,009100,4101,QN71
4004002,Queens,4,004002,4113,QN56
4004401,Queens,4,004401,4113,QN56
4005000,Queens,4,005000,4113,QN56
4005400,Queens,4,005400,4113,QN56
4005800,Queens,4,005800,4113,QN56
4008600,Queens,4,008600,4113,QN56
4008800,Queens,4,008800,4113,QN56
4009900,Queens,4,009900,4101,QN99
4022900,Queens,4,022900,4109,QN99
4029900,Queens,4,029900,4101,QN99
4038301,Queens,4,038301,4103,QN99
4038302,Queens,4,038302,4107,QN99
4056100,Queens,4,056100,4110,QN99
4062400,Queens,4,062400,4105,QN99
4064102,Queens,4,064102,4111,QN99
4079300,Queens,4,079300,4106,QN99
4091602,Queens,4,091602,4114,QN99
4091800,Queens,4,091800,4114,QN99
4107202,Queens,4,107202,4114,QN99
4121100,Queens,4,121100,4103,QN99
4128300,Queens,4,128300,4106,QN99
4138502,Queens,4,138502,4104,QN99
4990100,Queens,4,990100,4114,QN99
4122300,Queens,4,122300,4106,QN38
4122701,Queens,4,122701,4106,QN38
4122702,Queens,4,122702,4106,QN38
4124100,Queens,4,124100,4106,QN38
4124700,Queens,4,124700,4106,QN38
4126500,Queens,4,126500,4106,QN38
4126700,Queens,4,126700,4106,QN38
4049600,Queens,4,049600,4105,QN34
4051200,Queens,4,051200,4105,QN34
4051600,Queens,4,051600,4105,QN34
4053200,Queens,4,053200,4105,QN34
4053601,Queens,4,053601,4105,QN34
4053800,Queens,4,053800,4105,QN34
4054000,Queens,4,054000,4105,QN34
4054200,Queens,4,054200,4105,QN34
4054800,Queens,4,054800,4105,QN34
4055200,Queens,4,055200,4105,QN34
4055400,Queens,4,055400,4105,QN34
4055600,Queens,4,055600,4105,QN34
4055800,Queens,4,055800,4105,QN34
4056000,Queens,4,056000,4105,QN34
4056200,Queens,4,056200,4105,QN34
4056400,Queens,4,056400,4105,QN34
4056600,Queens,4,056600,4105,QN34
4056800,Queens,4,056800,4105,QN34
4058000,Queens,4,058000,4105,QN34
4058200,Queens,4,058200,4105,QN34
4079900,Queens,4,079900,4103,QN62
4080301,Queens,4,080301,4103,QN62
4080302,Queens,4,080302,4103,QN62
4083700,Queens,4,083700,4103,QN62
4121500,Queens,4,121500,4103,QN62
4002500,Queens,4,002500,4101,QN68
4003100,Queens,4,003100,4101,QN68
4003300,Queens,4,003300,4101,QN68
4003700,Queens,4,003700,4101,QN68
4003900,Queens,4,003900,4101,QN68
4004300,Queens,4,004300,4101,QN68
4005100,Queens,4,005100,4101,QN68
4005500,Queens,4,005500,4101,QN68
4008500,Queens,4,008500,4101,QN68
4068700,Queens,4,068700,4108,QN18
4069300,Queens,4,069300,4108,QN18
4069500,Queens,4,069500,4108,QN18
4069701,Queens,4,069701,4108,QN18
4069702,Queens,4,069702,4108,QN18
4070300,Queens,4,070300,4108,QN18
4071701,Queens,4,071701,4108,QN18
4071702,Queens,4,071702,4108,QN18
4002400,Queens,4,002400,4111,QN54
4002600,Queens,4,002600,4111,QN54
4002800,Queens,4,002800,4111,QN54
4010800,Queens,4,010800,4111,QN54
4011000,Queens,4,011000,4111,QN54
4011200,Queens,4,011200,4111,QN54
4011400,Queens,4,011400,4111,QN54
4011600,Queens,4,011600,4111,QN54
4011800,Queens,4,011800,4111,QN54
4012000,Queens,4,012000,4111,QN54
4012200,Queens,4,012200,4111,QN54
4012400,Queens,4,012400,4111,QN54
4012601,Queens,4,012601,4111,QN54
4012602,Queens,4,012602,4111,QN54
4012800,Queens,4,012800,4111,QN54
4013000,Queens,4,013000,4111,QN54
4013200,Queens,4,013200,4111,QN54
4014201,Queens,4,014201,4111,QN54
4014202,Queens,4,014202,4111,QN54
4014400,Queens,4,014400,4111,QN54
4014800,Queens,4,014800,4111,QN54
4015000,Queens,4,015000,4111,QN54
4015200,Queens,4,015200,4111,QN54
4015400,Queens,4,015400,4111,QN54
4015600,Queens,4,015600,4111,QN54
4053900,Queens,4,053900,4110,QN20
4054500,Queens,4,054500,4110,QN20
4054700,Queens,4,054700,4110,QN20
4054900,Queens,4,054900,4110,QN20
4055100,Queens,4,055100,4110,QN20
4055300,Queens,4,055300,4110,QN20
4055500,Queens,4,055500,4110,QN20
4055700,Queens,4,055700,4110,QN20
4055900,Queens,4,055900,4110,QN20
4058100,Queens,4,058100,4110,QN20
4058300,Queens,4,058300,4110,QN20
4058500,Queens,4,058500,4110,QN20
4058700,Queens,4,058700,4110,QN20
4058900,Queens,4,058900,4110,QN20
4059100,Queens,4,059100,4110,QN20
4059300,Queens,4,059300,4110,QN20
4059500,Queens,4,059500,4110,QN20
4061301,Queens,4,061301,4110,QN20
4061302,Queens,4,061302,4110,QN20
4061602,Queens,4,061602,4105,QN05
4063800,Queens,4,063800,4105,QN05
4065400,Queens,4,065400,4105,QN05
4065600,Queens,4,065600,4105,QN05
4066000,Queens,4,066000,4105,QN05
4066400,Queens,4,066400,4105,QN05
4019400,Queens,4,019400,4112,QN01
4019600,Queens,4,019600,4112,QN01
4019800,Queens,4,019800,4112,QN01
4020200,Queens,4,020200,4112,QN01
4025400,Queens,4,025400,4112,QN01
4025800,Queens,4,025800,4112,QN01
4026000,Queens,4,026000,4112,QN01
4026200,Queens,4,026200,4112,QN01
4026400,Queens,4,026400,4112,QN01
4026600,Queens,4,026600,4112,QN01
4027000,Queens,4,027000,4112,QN01
4041400,Queens,4,041400,4112,QN01
4043400,Queens,4,043400,4112,QN01
4044000,Queens,4,044000,4112,QN01
4009400,Queens,4,009400,4113,QN55
4009600,Queens,4,009600,4113,QN55
4009800,Queens,4,009800,4113,QN55
4010000,Queens,4,010000,4113,QN55
4010200,Queens,4,010200,4113,QN55
4010400,Queens,4,010400,4113,QN55
4010600,Queens,4,010600,4113,QN55
4015801,Queens,4,015801,4113,QN55
4015802,Queens,4,015802,4113,QN55
4016400,Queens,4,016400,4113,QN55
4016600,Queens,4,016600,4113,QN55
4016800,Queens,4,016800,4113,QN55
4017000,Queens,4,017000,4113,QN55
4017200,Queens,4,017200,4113,QN55
4017400,Queens,4,017400,4113,QN55
4017600,Queens,4,017600,4113,QN55
4017800,Queens,4,017800,4113,QN55
4018000,Queens,4,018000,4113,QN55
4081400,Queens,4,081400,4113,QN55
4081800,Queens,4,081800,4113,QN55
4083800,Queens,4,083800,4113,QN55
4084000,Queens,4,084000,4113,QN55
4084601,Queens,4,084601,4113,QN55
4084602,Queens,4,084602,4113,QN55
4086400,Queens,4,086400,4113,QN55
4029400,Queens,4,029400,4112,QN02
4033000,Queens,4,033000,4112,QN02
4033402,Queens,4,033402,4112,QN02
4030600,Queens,4,030600,4105,QN03
4032000,Queens,4,032000,4105,QN03
4068000,Queens,4,068000,4105,QN03
4069000,Queens,4,069000,4105,QN03
4069400,Queens,4,069400,4105,QN03
4028000,Queens,4,028000,4112,QN08
4028200,Queens,4,028200,4112,QN08
4033401,Queens,4,033401,4112,QN08
4035200,Queens,4,035200,4112,QN08
4036600,Queens,4,036600,4112,QN08
4036800,Queens,4,036800,4112,QN08
4037600,Queens,4,037600,4112,QN08
4038400,Queens,4,038400,4112,QN08
4039400,Queens,4,039400,4112,QN08
4039800,Queens,4,039800,4112,QN08
4040000,Queens,4,040000,4112,QN08
4040200,Queens,4,040200,4112,QN08
4040400,Queens,4,040400,4112,QN08
4042400,Queens,4,042400,4112,QN08
4042600,Queens,4,042600,4112,QN08
4043200,Queens,4,043200,4112,QN08
4051800,Queens,4,051800,4112,QN08
4052000,Queens,4,052000,4112,QN08
4052200,Queens,4,052200,4112,QN08
4052400,Queens,4,052400,4112,QN08
4052600,Queens,4,052600,4112,QN08
4052800,Queens,4,052800,4112,QN08
4053000,Queens,4,053000,4112,QN08
4009500,Queens,4,009500,4101,QN72
4009700,Queens,4,009700,4101,QN72
4010100,Queens,4,010100,4101,QN72
4010300,Queens,4,010300,4101,QN72
4010500,Queens,4,010500,4101,QN72
4010701,Queens,4,010701,4101,QN72
4011100,Queens,4,011100,4101,QN72
4011300,Queens,4,011300,4101,QN72
4011500,Queens,4,011500,4101,QN72
4011700,Queens,4,011700,4101,QN72
4011900,Queens,4,011900,4101,QN72
4012100,Queens,4,012100,4101,QN72
4012301,Queens,4,012301,4101,QN72
4012500,Queens,4,012500,4101,QN72
4013500,Queens,4,013500,4101,QN72
4013700,Queens,4,013700,4101,QN72
4031700,Queens,4,031700,4101,QN72
4094500,Queens,4,094500,4103,QN49
4097300,Queens,4,097300,4103,QN49
4098100,Queens,4,098100,4103,QN49
4098700,Queens,4,098700,4103,QN49
4099100,Queens,4,099100,4103,QN49
4102900,Queens,4,102900,4103,QN49
4103300,Queens,4,103300,4103,QN49
4103900,Queens,4,103900,4103,QN49
4000200,Queens,4,000200,4111,QN53
4000400,Queens,4,000400,4111,QN53
4000600,Queens,4,000600,4111,QN53
4000800,Queens,4,000800,4111,QN53
4001000,Queens,4,001000,4111,QN53
4001200,Queens,4,001200,4111,QN53
4001400,Queens,4,001400,4111,QN53
4001600,Queens,4,001600,4111,QN53
4001800,Queens,4,001800,4111,QN53
4002000,Queens,4,002000,4111,QN53
4002200,Queens,4,002200,4111,QN53
4003000,Queens,4,003000,4111,QN53
4003200,Queens,4,003200,4111,QN53
4003400,Queens,4,003400,4111,QN53
4003600,Queens,4,003600,4111,QN53
4003800,Queens,4,003800,4111,QN53
4004001,Queens,4,004001,4111,QN53
4004200,Queens,4,004200,4111,QN53
4005200,Queens,4,005200,4111,QN53
4064101,Queens,4,064101,4111,QN53
4024500,Queens,4,024500,4109,QN63
4024700,Queens,4,024700,4109,QN63
4024900,Queens,4,024900,4109,QN63
4025100,Queens,4,025100,4109,QN63
4025500,Queens,4,025500,4109,QN63
4025700,Queens,4,025700,4109,QN63
4025900,Queens,4,025900,4109,QN63
4026100,Queens,4,026100,4109,QN63
4026300,Queens,4,026300,4109,QN63
4029300,Queens,4,029300,4109,QN63
4029500,Queens,4,029500,4109,QN63
4029700,Queens,4,029700,4109,QN63
5015602,Staten Island,5,015602,3901,SI01
5017005,Staten Island,5,017005,3901,SI01
5017011,Staten Island,5,017011,3901,SI01
5017012,Staten Island,5,017012,3901,SI01
5017600,Staten Island,5,017600,3901,SI01
5019800,Staten Island,5,019800,3901,SI01
5017007,Staten Island,5,017007,3901,SI48
5017008,Staten Island,5,017008,3901,SI48
5017009,Staten Island,5,017009,3901,SI48
5017010,Staten Island,5,017010,3901,SI48
5022600,Staten Island,5,022600,3901,SI11
5024401,Staten Island,5,024401,3901,SI11
5024402,Staten Island,5,024402,3901,SI11
5024800,Staten Island,5,024800,3901,SI11
5001800,Staten Island,5,001800,3902,SI14
5002002,Staten Island,5,002002,3902,SI14
5005000,Staten Island,5,005000,3902,SI14
5006400,Staten Island,5,006400,3902,SI14
5007400,Staten Island,5,007400,3902,SI14
5013203,Staten Island,5,013203,3901,SI54
5014604,Staten Island,5,014604,3901,SI54
5014605,Staten Island,5,014605,3901,SI54
5014606,Staten Island,5,014606,3901,SI54
5014607,Staten Island,5,014607,3901,SI54
5014608,Staten Island,5,014608,3901,SI54
5015601,Staten Island,5,015601,3901,SI54
5015603,Staten Island,5,015603,3901,SI54
5003300,Staten Island,5,003300,3903,SI08
5003900,Staten Island,5,003900,3903,SI08
5004000,Staten Island,5,004000,3903,SI08
5004700,Staten Island,5,004700,3903,SI08
5022300,Staten Island,5,022300,3903,SI12
5023100,Staten Island,5,023100,3903,SI12
5023900,Staten Island,5,023900,3903,SI12
5030301,Staten Island,5,030301,3903,SI12
5030302,Staten Island,5,030302,3903,SI12
5031901,Staten Island,5,031901,3903,SI12
5031902,Staten Island,5,031902,3903,SI12
5032300,Staten Island,5,032300,3903,SI12
5005900,Staten Island,5,005900,3903,SI35
5006700,Staten Island,5,006700,3903,SI35
5007500,Staten Island,5,007500,3903,SI35
5010500,Staten Island,5,010500,3903,SI35
5012100,Staten Island,5,012100,3903,SI35
5011202,Staten Island,5,011202,3902,SI45
5011402,Staten Island,5,011402,3902,SI45
5012200,Staten Island,5,012200,3902,SI45
5012804,Staten Island,5,012804,3902,SI45
5013400,Staten Island,5,013400,3902,SI45
5017300,Staten Island,5,017300,3902,SI05
5018702,Staten Island,5,018702,3902,SI05
5018902,Staten Island,5,018902,3902,SI05
5022800,Staten Island,5,022800,3902,SI05
5027301,Staten Island,5,027301,3902,SI05
5027302,Staten Island,5,027302,3902,SI05
5029102,Staten Island,5,029102,3902,SI05
5029103,Staten Island,5,029103,3902,SI05
5029104,Staten Island,5,029104,3902,SI05
5012805,Staten Island,5,012805,3901,SI25
5012806,Staten Island,5,012806,3901,SI25
5013201,Staten Island,5,013201,3901,SI25
5013204,Staten Island,5,013204,3901,SI25
5013800,Staten Island,5,013800,3901,SI25
5007000,Staten Island,5,007000,3902,SI36
5009601,Staten Island,5,009601,3902,SI36
5009602,Staten Island,5,009602,3902,SI36
5011201,Staten Island,5,011201,3902,SI36
5011401,Staten Island,5,011401,3902,SI36
5015400,Staten Island,5,015400,3901,SI99
5990100,Staten Island,5,990100,3901,SI99
5020700,Staten Island,5,020700,3903,SI28
5021300,Staten Island,5,021300,3903,SI28
5024700,Staten Island,5,024700,3903,SI28
5025100,Staten Island,5,025100,3903,SI28
5020801,Staten Island,5,020801,3901,SI32
5020803,Staten Island,5,020803,3901,SI32
5020804,Staten Island,5,020804,3901,SI32
5000600,Staten Island,5,000600,3903,SI37
5000800,Staten Island,5,000800,3903,SI37
5001700,Staten Island,5,001700,3903,SI37
5002001,Staten Island,5,002001,3903,SI37
5002100,Staten Island,5,002100,3903,SI37
5002700,Staten Island,5,002700,3903,SI37
5002900,Staten Island,5,002900,3903,SI37
5003600,Staten Island,5,003600,3903,SI37
5017700,Staten Island,5,017700,3902,SI24
5018100,Staten Island,5,018100,3902,SI24
5027702,Staten Island,5,027702,3902,SI24
5027704,Staten Island,5,027704,3902,SI24
5027705,Staten Island,5,027705,3902,SI24
5027706,Staten Island,5,027706,3902,SI24
5027900,Staten Island,5,027900,3902,SI24
5000300,Staten Island,5,000300,3903,SI22
5000700,Staten Island,5,000700,3903,SI22
5000900,Staten Island,5,000900,3903,SI22
5001100,Staten Island,5,001100,3903,SI22
5007700,Staten Island,5,007700,3903,SI22
5008100,Staten Island,5,008100,3903,SI22
5008900,Staten Island,5,008900,3903,SI22
5009700,Staten Island,5,009700,3903,SI22
5012500,Staten Island,5,012500,3903,SI22
5013301,Staten Island,5,013301,3903,SI22
5013302,Staten Island,5,013302,3903,SI22
5014100,Staten Island,5,014100,3903,SI22
5014700,Staten Island,5,014700,3903,SI07
5015100,Staten Island,5,015100,3903,SI07
5016901,Staten Island,5,016901,3903,SI07
5018701,Staten Island,5,018701,3903,SI07
5018901,Staten Island,5,018901,3903,SI07
5019700,Staten Island,5,019700,3903,SI07
5020100,Staten Island,5,020100,3903,SI07
